-- phpMyAdmin SQL Dump
-- version 5.2.1
-- https://www.phpmyadmin.net/
--
-- Host: 127.0.0.1
-- Waktu pembuatan: 15 Agu 2024 pada 23.14
-- Versi server: 10.4.32-MariaDB
-- Versi PHP: 8.2.12

SET SQL_MODE = "NO_AUTO_VALUE_ON_ZERO";
START TRANSACTION;
SET time_zone = "+00:00";


/*!40101 SET @OLD_CHARACTER_SET_CLIENT=@@CHARACTER_SET_CLIENT */;
/*!40101 SET @OLD_CHARACTER_SET_RESULTS=@@CHARACTER_SET_RESULTS */;
/*!40101 SET @OLD_COLLATION_CONNECTION=@@COLLATION_CONNECTION */;
/*!40101 SET NAMES utf8mb4 */;

--
-- Database: `dinsos`
--

-- --------------------------------------------------------

--
-- Struktur dari tabel `admin`
--

CREATE TABLE `admin` (
  `id_admin` int(10) NOT NULL,
  `nama` varchar(50) NOT NULL,
  `alamat` varchar(100) NOT NULL,
  `tgl_lahir` date NOT NULL,
  `jenis_kelamin` varchar(40) NOT NULL,
  `telepon` varchar(15) NOT NULL,
  `intansi` varchar(50) NOT NULL,
  `id_user` int(10) NOT NULL
) ENGINE=InnoDB DEFAULT CHARSET=utf8mb4 COLLATE=utf8mb4_general_ci;

--
-- Dumping data untuk tabel `admin`
--

INSERT INTO `admin` (`id_admin`, `nama`, `alamat`, `tgl_lahir`, `jenis_kelamin`, `telepon`, `intansi`, `id_user`) VALUES
(1, 'fahrul', 'jl. anjir serapat timur', '2024-06-04', 'laki laki', '090888899909', 'Staf Puskesos Dinas Sosial Kapuas', 1),
(2, 'musafir', 'jl. kertak hanyar', '2016-07-22', 'laki laki', '4234', 'dinkes', 4);

-- --------------------------------------------------------

--
-- Struktur dari tabel `chat`
--

CREATE TABLE `chat` (
  `id_chat` int(11) NOT NULL,
  `id_admin` int(11) DEFAULT NULL,
  `id_user` int(11) NOT NULL,
  `chat` varchar(1000) NOT NULL,
  `created_at` timestamp NOT NULL DEFAULT current_timestamp(),
  `is_read` tinyint(1) NOT NULL
) ENGINE=InnoDB DEFAULT CHARSET=utf8mb4 COLLATE=utf8mb4_general_ci;

--
-- Dumping data untuk tabel `chat`
--

INSERT INTO `chat` (`id_chat`, `id_admin`, `id_user`, `chat`, `created_at`, `is_read`) VALUES
(5, NULL, 19, 'permisi mau melakukan pengecekan BPJS dengan nik 6203015104020006\r\n', '2024-08-04 14:14:30', 1),
(6, 1, 19, 'baik silahkan di tunggu', '2024-08-04 14:14:58', 0),
(7, NULL, 19, 'cek BPJS dengan Nik 6203015406040005', '2024-08-06 06:17:50', 1);

-- --------------------------------------------------------

--
-- Struktur dari tabel `detail_pengajuan`
--

CREATE TABLE `detail_pengajuan` (
  `detail_pengajuan` int(11) NOT NULL,
  `id_pengajuan` int(11) NOT NULL,
  `nik` varchar(20) NOT NULL,
  `nama` varchar(100) NOT NULL,
  `jenis_kelamin` varchar(25) NOT NULL,
  `tempat_lahir` varchar(50) NOT NULL,
  `tgl_lahir` date NOT NULL,
  `hubungan_keluarga` varchar(30) NOT NULL
) ENGINE=InnoDB DEFAULT CHARSET=utf8mb4 COLLATE=utf8mb4_general_ci;

--
-- Dumping data untuk tabel `detail_pengajuan`
--

INSERT INTO `detail_pengajuan` (`detail_pengajuan`, `id_pengajuan`, `nik`, `nama`, `jenis_kelamin`, `tempat_lahir`, `tgl_lahir`, `hubungan_keluarga`) VALUES
(20, 51, '6203034607020005', 'maria jenesa', '2', 'kapuas', '1995-09-17', 'istri'),
(21, 51, '6202033907920004', 'cristino', '1', 'kapuas', '1992-07-09', 'kepala keluarga'),
(27, 55, '6203014104020009', 'Aida wahyuni', '2', 'banjarmasin', '2002-04-11', 'istri'),
(28, 55, '6203015609230005', 'muhammad husin', '1', 'banjarmasin', '2023-09-16', 'anak'),
(29, 56, '6203014506040003', 'Nor Hidayah', '2', 'banjarmasin', '2004-06-12', 'anak'),
(30, 57, '6203021804990002', 'AHMAD KURNIAWAN', '1', 'KUALA KAPUAS', '1999-04-18', 'KEPALA KELUARGA'),
(31, 57, '6203014906000005', 'SYAFRINA CAHAYA WATI', '2', 'KUALA KAPUAS', '2000-06-09', 'istri'),
(32, 57, '6203011201210001', 'MUHAMMAD JANNUAR', '1', 'KAPUAS', '2021-01-12', 'ANAK'),
(33, 57, '6203015512220001', 'NOR ANISA AZZAHRA', '2', 'KAPUAS', '2022-12-15', 'ANAK'),
(34, 1, '6203021804990002', 'AHMAD KURNIAWAN', '1', 'KUALA KAPUAS', '1999-04-18', 'KEPALA KELUARGA'),
(35, 1, '6203014906000005', 'SYAFRINA CAHAYA WATI', '2', 'KUALA KAPUAS', '2000-06-09', 'ISTRI'),
(36, 1, '6203011201210001', 'MUHAMMAD JANNUAR', '1', 'KAPUAS', '2021-01-12', 'ANAK'),
(37, 1, '6203015512220001', 'NOR ANISA AZZAHRA', '2', 'KAPUAS', '2022-12-15', 'ANAK'),
(38, 2, '6203016204420003', 'Hj. ARBAINAH', '2', 'KUALA KAPUAS', '1942-04-22', 'KEPALA KELUARGA'),
(39, 3, '6203070808760006', 'SIRAM', '1', 'KAPUAS', '1976-08-08', 'KEPALA KELUARGA'),
(40, 3, '6203075203780004', 'TIHOLIJA', '2', 'BANUA RAKYAT', '1978-03-12', 'ISTRI'),
(41, 3, '6203071502100001', 'RIFQA ANUGERAH BLANCE', '2', 'JAKARTA', '2010-02-15', 'ANAK'),
(42, 3, '6203071305140001', 'RAFI ALFAIR', '1', 'KAPUAS', '2024-05-13', 'ANAK'),
(43, 4, '6203056410220001', 'ANEIRA HUSNA NALANI', '2', 'KAPUAS', '2022-10-24', 'ANAK'),
(44, 5, '6203050609820003', 'JULIANTO', '1', 'ANJIR KALAMPAN', '1982-09-06', 'KEPALA KELUARGA'),
(45, 5, '6203054909890003', 'ASMARIYAH', '2', 'BASARANG', '1989-09-09', 'ISTRI'),
(46, 6, '6372064505690006', 'NURWAHIDAH', '2', 'BANJARMASIN', '1969-05-05', 'ISTRI'),
(47, 6, '6372066710980002', 'HASNI OKTAVIANTI', '2', 'PULANG PISAU', '1998-10-27', 'ANAK'),
(48, 7, '6203012801820002', 'MUHAMAT SUBLI', '1', 'SAKA TAMIANG', '1982-01-28', 'KEPALA KELUARGA'),
(49, 7, '6203016504810006', 'MIRA WATI', '2', 'PULAU TELO', '1981-04-25', 'ISTRI'),
(50, 7, '6203010106060012', 'RAHMAT RISKI', '1', 'PULAU TELO', '2006-06-01', 'ANAK'),
(51, 7, '6203010310080004', 'RANGGA HIDAYAT', '1', 'KUALA KAPUAS', '2008-01-03', 'ANAK'),
(52, 8, '6203015208220002', 'HANA HUMAIRAH', '2', 'KAPUAS', '2022-08-12', 'ANAK'),
(53, 9, '6203051601560001', 'SURIANI', '1', 'ANJIR KALAMPAN', '1956-01-16', 'KEPALA KELUARGA'),
(54, 9, '6203055909730001', 'MARIANA', '2', 'ANJIR KALAMPAN', '1973-09-19', 'ANAK'),
(55, 9, '6211055708970001', 'MIRNA WATI', '2', 'PULANG PISAU', '1997-08-25', 'ISTRI'),
(56, 9, '6203050404200001', 'ABILAH DANISAH', '1', 'KAPUAS', '2020-04-04', 'ANAK'),
(57, 9, '6203053007200001', 'MUHAMMAD SHAKA ZUBAIR', '1', 'PULANG PISAU', '2020-07-30', 'ANAK'),
(58, 9, '6203056807230002', 'SAKIRA MAULIDA', '2', 'PULANG PISAU', '2023-07-28', 'ANAK'),
(59, 10, '6203011403900003', 'RAHMAN', '1', 'PULAU TELO', '1990-03-14', 'KEPALA KELUARGA'),
(60, 10, '6203016505950012', 'HADIJAH', '2', 'PULAU TELO', '1995-05-25', 'ISTRI'),
(61, 10, '6203012908140002', 'MUHAMMAD ALDY', '1', 'KAPUAS', '2014-08-22', 'ANAK'),
(62, 10, '6203012812210001', 'ARYA RAHMAN', '1', 'KAPUAS', '2021-12-28', 'ANAK'),
(63, 11, '6203014708110001', 'KHAIRUNNISA', '2', 'KAPUAS', '2011-08-07', 'ANAK'),
(64, 11, '6203016002150004', 'ARIFAH ADELIA', '2', 'KAPUAS', '2015-02-20', 'ANAK'),
(65, 11, '6203012909190002', 'MUHAMMAD IRSYADI GHANI', '1', 'KAPUAS', '2019-09-29', 'ANAK'),
(66, 12, '6203010202850008', 'RAHMAN RAMLI', '1', 'KANDANGAN', '1985-02-02', 'KEPALA KELUARGA'),
(67, 12, '6203014507790021', 'MASRUHAINA', '2', 'KUALA KAPUAS', '1979-07-05', 'ISTRI'),
(68, 12, '6203012112040002', 'ABDUL SYAHRIN', '1', 'KUALA KAPUAS', '2004-12-21', 'ANAK'),
(69, 12, '6203010606090004', 'MUHAMMAD HUSIN', '1', 'KUALA KAPUAS', '2009-06-06', 'ANAK'),
(70, 12, '6203010103190002', 'MUHAMMAD BILAL', '1', 'KAPUAS', '2019-03-01', 'ANAK'),
(71, 13, '6203030506700005', 'MUHAMMAD YADI', '1', 'KUALA KAPUAS', '1970-06-05', 'KEPALA KELUARGA'),
(72, 13, '6203035406720001', 'KARMIDAYUSI', '2', 'ANJIR SERAPAT', '1972-06-14', 'ISTRI'),
(73, 13, '6203030212070001', 'RAHMAT RAFI\'I', '1', 'ANJIR SERAPAT', '2007-12-02', 'ANAK'),
(74, 14, '6305016610110001', 'ZULAIKHA AZIZAH', '2', 'TANAH BUMBU', '2011-11-26', 'ANAK'),
(75, 14, '6203010806180001', 'GILANG RAMADHAN', '1', 'KAPUAS', '2018-06-08', 'ANAK'),
(76, 15, '6402060101700034', 'M. YUNUS', '1', 'AMUNTAI', '1970-01-01', 'KEPALA KELUARGA'),
(77, 15, '6402064804750004', 'SULASTRI', '2', 'PULAU TELO', '1975-04-08', 'ISTRI'),
(78, 16, '6203080410930005', 'RAFI\'I', '1', 'PANGKALAN REKAN', '1993-10-04', 'KEPALA KELUARGA'),
(79, 16, '6203055810900001', 'NURAIDA', '2', 'MANDOMAI', '1990-10-17', 'ISTRI'),
(80, 17, '6203010704690005', 'MUHAMAD RAYA', '1', 'GAMBUT', '1969-04-07', 'KEPALA KELUARGA'),
(81, 17, '6203014109700004', 'JUAIRIAH', '2', 'GAMBUT', '1970-09-01', 'ISTRI'),
(82, 17, '6203014705050013', 'SARITA RAHMA', '2', 'KUALA KAPUAS', '2005-05-07', 'ANAK'),
(83, 18, '6203012711950006', 'UPIYA RAHMAN', '1', 'KUALA KAPUAS', '1995-11-27', 'KEPALA KELUARGA'),
(84, 19, '6203012608750001', 'BASUNI', '1', 'BARASAK BESAR', '1975-08-26', 'KEPALA KELUARGA'),
(85, 19, '6203016610790003', 'MINAH', '2', 'KULON PROGO', '1979-10-26', 'ISTRI'),
(86, 19, '6203016011060005', 'MELISA PUTRI', '2', 'SUMBER RAHAYU', '2006-11-20', 'ANAK'),
(87, 20, '6203010404850005', 'MUSLIMIN', '1', 'BASUNGKAI', '1985-04-04', 'KEPALA KELUARGA'),
(88, 20, '6203015104890008', 'LISDA KARMILA', '2', 'TAMBAN', '1989-04-11', 'ISTRI'),
(89, 20, '6203016309090004', 'ZAHRATUSSITA', '2', 'MARTAPURA', '2009-09-23', 'ANAK'),
(90, 21, '6203010503740015', 'BAHRUDIN', '1', 'BASUNGKAI', '1974-03-05', 'KEPALA KELUARGA'),
(91, 21, '6203014206780007', 'INUN', '2', 'PULAU TELO', '1978-06-02', 'ISTRI'),
(92, 21, '6203011102070004', 'AHMAD AMIN', '1', 'KAPUAS', '2007-02-11', 'ANAK'),
(93, 21, '6203015001150002', 'AMILDA SIZKA', '2', 'KAPUAS', '2015-01-10', 'ANAK'),
(94, 22, '6203021404740001', 'MUHAMAD NASIR', '1', 'BERANGAS', '1974-04-14', 'KEPALA KELUARGA'),
(95, 22, '6203026911840001', 'KARTINI', '2', 'KAPUAS', '1984-11-29', 'ISTRI'),
(96, 22, '6203020111020001', 'AKMAL FUADI', '1', 'KAPUAS', '2002-11-01', 'ANAK'),
(97, 22, '6203026002080004', 'SITI SULEHAH', '2', 'KAPUAS', '2008-02-20', 'ANAK'),
(98, 22, '6203013008230001', 'AHMAD HUMAIDI', '1', 'KAPUAS', '2023-08-30', 'ANAK'),
(99, 23, '6203094205610004', 'MARICE', '2', 'MANTANGAI', '1961-05-02', 'KEPALA KELUARGA'),
(100, 24, '6203010103620005', 'SYAHRANI', '1', 'BANJARMASIN', '1962-03-01', 'KEPALA KELUARGA'),
(101, 24, '6203014208770005', 'PATMAH', '2', 'KAPUAS', '1977-08-02', 'ISTRI'),
(102, 24, '6203011606940003', 'JAMHURI', '1', 'KAPUAS', '1994-06-16', 'ANAK'),
(103, 24, '6203011010010004', 'PARDI', '1', 'BANJARMASIN', '2001-10-10', 'ANAK'),
(104, 24, '6203012201060003', 'RUNI', '1', 'KAPUAS', '2006-01-22', 'ANAK'),
(105, 25, '6203014208680004', 'JURIAH', '2', 'KAPUAS', '1968-08-02', 'KEPALA KELUARGA'),
(106, 25, '6203011901010005', 'MASDENDRA', '1', 'KAPUAS', '2001-01-19', 'ANAK'),
(107, 26, '6203010601710004', 'ZAINUDIN', '1', 'PULAU TELO', '1971-01-06', 'KEPALA KELUARGA'),
(108, 26, '6203015410820006', 'RARA EMIATI', '2', 'PULAU TELO', '1982-10-14', 'ISTRI'),
(109, 26, '6203015601090001', 'ZASKIA PUTRI', '2', 'PULAU TELO', '2009-01-16', 'ANAK'),
(110, 26, '6203011210150003', 'DANI PRATAMA', '1', 'KAPUAS', '2015-10-12', 'ANAK'),
(111, 27, '6203094101560002', 'UCENG', '2', 'KUALA KAPUAS', '1956-01-01', 'KEPALA KELUARGA'),
(112, 28, '6203011012590006', 'MUHAMAD. E', '1', 'SAKA BATUR', '1959-12-10', 'KEPALA KELUARGA'),
(113, 28, '6203014104630006', 'LIAN S.', '2', 'SEI KAYU', '1963-04-01', 'ISTRI'),
(114, 28, '6203010202930011', 'SYAHRIL', '1', 'KUALA KAPUAS', '1993-02-02', 'ANAK'),
(115, 28, '6203012310950008', 'AHMAD ARIFIN', '1', 'KUALA KAPUAS', '1995-10-23', 'ANAK'),
(116, 29, '6203014804720004', 'PATMAWATI', '2', 'PULAU TELO', '1972-04-09', 'KEPALA KELUARGA'),
(117, 29, '6203016101030011', 'LIA FITRIA', '2', 'PULAU TELO', '2003-01-21', 'ANAK'),
(118, 30, '6203012802860004', 'SUAN', '1', 'KUALA KAPUAS', '1986-02-28', 'KEPALA KELUARGA'),
(119, 30, '6203016509930007', 'HARIYANTI', '2', 'KAPUAS', '1993-09-25', 'ISTRI'),
(120, 30, '6203015603130004', 'ELISA MELIYANTI', '2', 'KAPUAS', '2013-03-16', 'ANAK'),
(121, 30, '6203014712180001', 'NATASYA', '2', 'KAPUAS', '2018-12-07', 'ANAK'),
(122, 31, '6203010909830007', 'OGENG', '1', 'PULAU TELO', '1983-09-09', 'KEPALA KELUARGA'),
(123, 31, '6203015409850003', 'ILA', '2', 'BASARANG', '1985-09-14', 'ISTRI'),
(124, 31, '6203016411050002', 'NANA MARLIANI', '2', 'PULAU TELO', '2005-11-24', 'ANAK'),
(125, 31, '6203014510160003', 'NUR ANISA', '2', 'KAPUAS', '2016-10-05', 'ANAK'),
(126, 31, '6203010304210003', 'AHMAD FAUZAN', '1', 'KAPUAS', '2021-04-03', 'ANAK'),
(127, 32, '6203015112850009', 'HERLINA', '2', 'KUALA KAPUAS', '1985-12-11', 'ISTRI'),
(128, 32, '6203011210100003', 'AHMAD NUR AFIDIN AKBAR', '1', 'KUALA KAPUAS', '2010-10-12', 'ANAK'),
(129, 33, '6203073008940002', 'AHMAD ANSARI', '1', 'PALINGKAU BARU', '1994-08-30', 'KEPALA KELUARGA'),
(130, 33, '6203065011230001', 'INAYA NADIRA', '2', 'KAPUAS', '2023-11-10', 'ANAK'),
(131, 34, '6203010404880009', 'RAHMAN', '1', 'PULAU TELO', '1988-04-04', 'KEPALA KELUARGA'),
(132, 34, '6203015303160001', 'SAVIRA', '2', 'KAPUAS', '2016-03-13', 'ANAK'),
(133, 34, '6203015512210002', 'NAZWA AULIA', '2', 'KAPUAS', '2021-12-15', 'ANAK'),
(134, 35, '6203014507030014', 'NOOR HIKMAH', '2', 'KUALA KAPUAS', '2003-07-05', 'KEPALA KELUARGA'),
(135, 36, '6203030803630002', 'MARSAD', '1', 'ANJIR SERAPAT', '1963-03-08', 'KEPALA KELUARGA'),
(136, 36, '6203035901750002', 'SALAMAH', '2', 'ANJIR SERAPAT', '1975-01-19', 'ISTRI'),
(137, 36, '6203036201990001', 'EKA SAFITRI', '2', 'ANJIR SERAPAT', '1999-01-22', 'ANAK'),
(138, 36, '6203032906110001', 'MUHAMAD RIDHO', '1', 'BANJARMASIN', '2011-06-29', 'ANAK'),
(139, 37, '6203012601830003', 'WAHYUDIN', '1', 'PUJON', '1983-01-26', 'KEPALA KELUARGA'),
(140, 37, '6203110306100001', 'ALFI NUR RAHMAN', '1', 'PUJON', '2010-06-03', 'ANAK'),
(141, 37, '6203114902190001', 'AFIFA NUR RAHIM', '2', 'KAPUAS', '2014-02-09', 'ANAK'),
(142, 38, '6203116003990004', 'ANISA NUR AINI UNTUNG N.', '2', 'PUJON', '1999-03-20', 'ANAK'),
(143, 39, '6203170909790002', 'SLAMET', '1', 'PURWODADI II', '1979-09-09', 'KEPALA KELUARGA'),
(144, 39, '6203174303920002', 'SARIYATI', '2', 'BANDARAYA', '1992-03-03', 'ISTRI'),
(145, 39, '6203171706200002', 'ALIF NAUFAL', '1', 'KAPUAS', '2020-06-17', 'ANAK'),
(146, 40, '6203014206630004', 'ILLA', '2', 'PULAU TELO', '1963-06-02', 'ISTRI'),
(147, 40, '6203017005000003', 'SALMAH', '2', 'PULAU TELO', '2000-05-30', 'ANAK'),
(148, 41, '6203010211230001', 'ANDI PRATAMA', '1', 'KABUPATEN KAPUAS', '2023-11-02', 'ANAK'),
(149, 42, '6203010602920006', 'ALI', '1', 'PULAU TELO', '1992-02-06', 'KEPALA KELUARGA'),
(150, 42, '6203065301940001', 'JUMIATI H.', '2', 'SEI TATAS', '1994-01-13', 'ISTRI'),
(151, 43, '6203016807190002', 'FAIDA SAPUTRI', '2', 'KAPUAS', '2019-07-28', 'ANAK'),
(152, 44, '6203010208210006', 'MUHAMMAD FAHDI ARDIANSYAH', '1', 'KAPUAS', '2021-08-02', 'ANAK'),
(153, 45, '6401056906860001', 'LINA MELATI', '2', 'K. KAPUAS', '1986-06-29', 'KEPALA KELUARGA'),
(154, 45, '6401054305100001', 'HALIMATUS SA\'DIYAH', '2', 'TANAH GROGOT', '2010-05-03', 'ANAK'),
(155, 46, '6203010212790003', 'OSCAR HARIS', '1', 'BANJARMASIN', '1979-12-02', 'KEPALA KELUARGA'),
(156, 46, '6203015706780006', 'SARIPAH', '2', 'KUALA KAPUAS', '1978-06-17', 'ISTRI'),
(157, 46, '6203014905020005', 'MIA RISTIN', '2', 'KUALA KAPUAS', '2002-05-09', 'ANAK'),
(158, 47, '6203011907550002', 'SABERAN', '1', 'NAGARA', '1955-07-19', 'KEPALA KELUARGA'),
(159, 47, '6203012910880005', 'MUHAMAD IDRIS', '1', 'KUALA KAPUAS', '1988-10-29', 'ANAK'),
(160, 48, '6203014205800021', 'MIATI', '2', 'KUALA KAPUAS', '1980-05-02', 'KEPALA KELUARGA'),
(161, 48, '6203014510060007', 'ANTUNG ICHA SAFITRI', '2', 'KUALA KAPUAS', '2006-10-05', 'ANAK'),
(162, 49, '6203010504840011', 'SALDI', '1', 'KAPUAS', '1984-07-05', 'KEPALA KELUARGA'),
(163, 49, '6203016301830009', 'MULIANA', '2', 'KUALA KAPUAS', '1983-06-23', 'ISTRI'),
(164, 49, '6203016206080007', 'PATMAH', '2', 'KUALA KAPUAS', '2008-06-22', 'ANAK'),
(165, 50, '6203011006810011', 'MAHYUDIN', '1', 'KUALA KAPUAS', '1981-06-10', 'KEPALA KELUARGA'),
(166, 58, '6203014107630105', 'RUSMIATI', '2', 'KUALA KAPUAS', '1963-07-01', 'KEPALA KELUARGA'),
(167, 59, '6203013011810004', 'ASWAN', '1', 'BANJARMASIN', '1981-11-30', 'KEPALA KELUARGA'),
(168, 59, '6203015512860001', 'IJAH', '2', 'PULANG PISAU', '1986-12-15', 'ISTRI'),
(169, 59, '6203014301050009', 'VIRA PUSPITA', '2', 'KUALA KAPUAS', '2005-01-03', 'ANAK'),
(170, 59, '6203010808080004', 'ERLANGGA', '1', 'KUALA KAPUAS', '2008-08-08', 'ANAK'),
(171, 59, '6203015209120000', 'NOVI YULIANTI', '2', 'KAPUAS', '2012-09-12', 'ANAK'),
(172, 60, '6203010107830248', 'KHAIRULLAH', '1', 'KUALA KAPUAS', '1983-07-01', 'KEPALA KELUARGA'),
(173, 60, '6203015212790008', 'KARTINAH', '2', 'KUALA KAPUAS', '1979-12-12', 'ISTRI'),
(174, 60, '6203012707020004', 'RIZKY', '1', 'KUALA KAPUAS', '2002-07-27', 'ANAK'),
(175, 60, '6203010303090004', 'SALMAN', '1', 'KUALA KAPUAS', '2009-03-03', 'ANAK'),
(176, 60, '6203014610110001', 'NORMA AULIYA', '2', 'KAPUAS', '2011-10-06', 'ANAK'),
(177, 60, '6203024409200001', 'NURUL AZIZAH', '2', 'KAPUAS', '2020-09-04', 'ANAK'),
(178, 61, '6203024411820002', 'RAUDATUL JANAH', '2', 'BARABAI', '1982-11-04', 'KEPALA KELUARGA'),
(179, 61, '6203023005020002', 'RAHMAT MAULANA', '1', 'BARABAI', '2002-05-30', 'ANAK'),
(180, 61, '6203025803050001', 'ANGGRAENI', '2', 'BANJARMASIN', '2005-03-18', 'ANAK'),
(181, 61, '6203020103140001', 'AHMAD YUSUF RIDHO', '1', 'KAPUAS', '2014-03-01', 'ANAK'),
(182, 61, '6203027103160001', 'ANISA NUR ALIFA', '2', 'KAPUAS', '2016-03-31', 'ANAK'),
(183, 62, '6271014801630005', 'NOR WAHIDAH', '2', 'ANJIR', '1963-01-08', 'ISTRI'),
(184, 63, '6203062905040002', 'AHMAD QUSAIRY', '1', 'SAKA LAGUN', '2004-05-29', 'KEPALA KELUARGA'),
(185, 63, '6203015206050010', 'DWI ANGGRAINI', '2', 'KUALA KAPUAS', '2005-06-12', 'ISTRI'),
(186, 64, '6203060512820001', 'JAHRI PADLI', '1', 'SAKA LAGUN', '1982-12-05', 'KEPALA KELUARGA'),
(187, 64, '6203064308870001', 'SITI AISYAH', '2', 'PALINGKAU BARU', '1987-08-03', 'ISTRI'),
(188, 64, '6203074906060005', 'JAMIYATUL HUSNA', '2', 'PALINGKAU BARU', '2006-06-09', 'ANAK'),
(189, 64, '6203060507130002', 'JIKRI PADILAH', '1', 'KAPUAS', '2013-07-05', 'ANAK'),
(190, 65, '6203060910790001', 'SUPIYADI', '1', 'SAKA LAGUN', '1979-10-09', 'KEPALA KELUARGA'),
(191, 65, '6203064607860004', 'EVI PELIANA', '2', 'GABEN', '1986-07-06', 'ISTRI'),
(192, 65, '6203063101100001', 'AL AMIN', '1', 'KAPUAS', '2010-01-31', 'ANAK'),
(193, 66, '6203065003870003', 'YANTI', '2', 'HANDEL LUNUK', '1987-03-10', 'KEPALA KELUARGA'),
(194, 66, '6203060708060006', 'AHMAD ALDI', '1', 'HANDEL LUNUK', '2006-08-07', 'ANAK'),
(195, 66, '6203061101160001', 'ADITYA', '1', 'KAPUAS', '2016-01-11', 'ANAK'),
(196, 66, '6203061101200002', 'ARDIANSYAH', '1', 'KAPUAS', '2020-01-11', 'ANAK'),
(197, 67, '6203065109490001', 'LAMINTAN', '2', 'MANGGURUH', '1949-09-11', 'KEPALA KELUARGA'),
(198, 68, '6302060106880007', 'SOLIHIN', '1', 'KAPUAS', '1988-06-01', 'KEPALA KELUARGA'),
(199, 68, '6203065208910004', 'JAYANTI', '2', 'SAKA LAGUN', '1991-08-12', 'ISTRI'),
(200, 68, '6302065303100004', 'HAIRUNNISA', '2', 'KAPUAS', '2010-03-13', 'ANAK'),
(201, 68, '6203060610160004', 'MUHAMMAD MAULANA', '1', 'KAPUAS', '2016-10-06', 'ANAK'),
(202, 69, '6203061008730004', 'MASRUN', '1', 'SAKA RAMBAI', '1973-06-10', 'KEPALA KELUARGA'),
(203, 69, '6203064101900004', 'HELDA', '2', 'SAKA LAGUN', '1990-01-01', 'ISTRI'),
(204, 69, '6203064801080002', 'MISNA', '2', 'KAPUAS', '2008-01-08', 'ANAK'),
(205, 69, '6203065011120001', 'ALYNA', '2', 'KAPUAS', '2012-11-10', 'ANAK'),
(206, 70, '6203060105730002', 'JASRAN', '1', 'SAKA LAGUN', '1973-05-01', 'KEPALA KELUARGA'),
(207, 70, '6203066104750002', 'SUMIATI', '2', 'SAKA LAGUN', '1975-04-21', 'ISTRI'),
(208, 71, '6203063112220002', 'AHMAD MUBARAK', '1', 'KAPUAS', '2022-12-31', 'ANAK'),
(209, 72, '6203010601010003', 'ADI', '1', 'PULAU TELO', '2001-01-06', 'KEPALA KELUARGA'),
(210, 72, '6203015211040003', 'AISAH', '2', 'KAPUAS', '2004-04-21', 'ISTRI'),
(211, 73, '6203011406750004', 'MUHAMMAD', '1', 'KUALA KAPUAS', '1975-06-14', 'KEPALA KELUARGA'),
(212, 73, '6203015604860004', 'MISRINAH', '2', 'AMUNTAI', '1986-04-16', 'ISTRI'),
(213, 73, '6203014607060008', 'NUR AINA', '2', 'AMUNTAI', '2006-07-06', 'ANAK'),
(214, 73, '6203014607060009', 'NUR AINI', '2', 'AMUNTAI', '2006-07-06', 'ANAK'),
(215, 73, '6203011510130002', 'AHMAD MAULANA ANSHARI', '1', 'KAPUAS', '2013-10-15', 'ANAK'),
(216, 74, '6202052108860001', 'AGUS SUSANTO', '1', 'SAMPIT', '1986-08-21', 'KEPALA KELUARGA'),
(217, 74, '6203017108880004', 'NOOR HIDAYATI OLFAH', '2', 'KALUA', '1988-08-31', 'ISTRI'),
(218, 74, '6203012211180002', 'AHMAD KHAIRUL AZZAM', '1', 'KAPUAS', '2018-11-22', 'ANAK'),
(219, 75, '6203010504850008', 'SUTOPO', '1', 'PULAU TELO', '1985-04-05', 'KEPALA KELUARGA'),
(220, 76, '6203066111720002', 'RATNA A.K.', '2', 'MUROI', '1972-11-21', 'KEPALA KELUARGA'),
(221, 76, '6203061810060003', 'ADE TRIADI RAMADANI', '1', 'TELUK PALINGET', '2006-10-18', 'ANAK'),
(222, 77, '6203012710010002', 'SHADIQUL MUBIN AFIK', '1', 'PULAU TELO', '2002-10-27', 'ANAK'),
(223, 78, '6203057006140002', 'JAHRA', '2', 'KAPUAS', '2014-06-30', 'ANAK'),
(224, 79, '6203031002580001', 'SURYANI', '1', 'KUALA KAPUAS', '1958-02-10', 'KEPALA KELUARGA'),
(225, 79, '6203036012700001', 'MASNUN', '2', 'KUALA KAPUAS', '1970-12-20', 'ISTRI'),
(226, 79, '6203035407080002', 'RATNA SESAR', '2', 'KUALA KAPUAS', '2008-07-14', 'ANAK'),
(227, 80, '6203014712030005', 'AMINAH', '2', 'PULAU TELO', '2003-12-07', 'ISTRI'),
(228, 81, '6203010803550001', 'SURIAN', '1', 'PULAU TELO', '1955-03-03', 'KEPALA KELUARGA'),
(229, 81, '6203014107550077', 'WATI', '2', 'PULAU TELO', '1955-07-01', 'ISTRI'),
(230, 81, '6203012204810003', 'YANTO', '1', 'PULAU TELO', '1981-04-22', 'ANAK'),
(231, 81, '6203011812910002', 'ADITTIA', '1', 'PULAU TELO', '1991-12-18', 'ANAK'),
(232, 81, '6203010707940008', 'ZAINAL', '1', 'PULAU TELO', '1994-07-07', 'ANAK'),
(233, 81, '6203011204000013', 'RAHUL', '1', 'PULAU TELO', '2000-04-12', 'ANAK'),
(234, 82, '6203011204890005', 'KIRNO', '1', 'PULAU TELO', '1989-04-12', 'KEPALA KELUARGA'),
(235, 83, '6203014605810013', 'IRA DANIATI', '2', 'PULAU TELO', '1981-05-06', 'ISTRI'),
(236, 84, '6203012004870006', 'IRWAN. S', '1', 'PULAU TELO', '1987-04-20', 'KEPALA KELUARGA'),
(237, 84, '6203017004870002', 'MISNAH', '2', 'PULAU TELO', '1987-04-30', 'ISTRI'),
(238, 84, '6203011210090004', 'M. ARKAN', '1', 'KUALA KAPUAS', '2009-10-12', 'ANAK'),
(239, 84, '6203015112150001', 'MARYAM ZAMANI', '2', 'KAPUAS', '2015-12-11', 'ANAK'),
(240, 84, '6203015412210003', 'USWATUN HASANAH', '2', 'KAPUAS', '2021-12-14', 'ANAK'),
(241, 85, '6203015808840003', 'MALLA', '2', 'HANDEL SUKAMARA', '1984-08-19', 'ISTRI'),
(242, 85, '6203012404130003', 'ADITIYA', '1', 'KAPUAS', '2013-04-24', 'ANAK'),
(243, 85, '6203010312170001', 'NOR ZAINI', '1', 'KAPUAS', '2017-12-03', 'ANAK'),
(244, 86, '6203011411760002', 'MARDA SURI', '1', 'PULAU TELO', '1976-11-14', 'KEPALA KELUARGA'),
(245, 86, '6308094707900003', 'MASNIAH', '2', 'SAPALA', '1990-07-07', 'ISTRI'),
(246, 86, '6203010503980009', 'HERPANDI', '1', 'PULAU TELO', '1997-03-05', 'ANAK'),
(247, 86, '6203012707000005', 'HERIYANTO', '1', 'PULAU TELO', '2000-07-27', 'ANAK'),
(248, 86, '6203010809020003', 'TAUFIK RAHDI', '1', 'PULAU TELO', '2002-09-08', 'ANAK'),
(249, 86, '6308094808110001', 'ANI HIKMAH', '2', 'SAPALA', '2011-08-08', 'ANAK'),
(250, 86, '6203050502650001', 'HAMRAN', '1', 'SEI AHAB', '1965-02-05', 'KEPALA KELUARGA'),
(251, 88, '6203044803010003', 'YENI TIARA', '2', 'TAMBAN LUPAK ', '2001-03-08', 'ISTRI'),
(252, 90, '6203085012860001', 'FAHRIAH', '2', 'KUALA KAPUAS', '1986-12-10', 'ISTRI'),
(253, 91, '6203014502990007', 'SITI RAHAYU', '2', 'KUALA KAPUAS', '1996-07-01', 'ISTRI'),
(254, 92, '6203085403920003', 'ALMAH', '2', 'K. KAPUAS', '1992-03-14', 'ISTRI'),
(255, 93, '6203016509010005', 'JUBAIDAH', '2', 'KUALA KAPUAS', '2001-09-25', 'ISTRI'),
(256, 94, '6203025103020001', 'HELDA', '2', 'KUALA KAPUAS', '2001-09-15', 'ANAK'),
(257, 95, '6203010207760006', 'SYAHRIANI', '1', 'BANJARMASIN.', '1976-07-02', 'KEPALA KELUARGA'),
(258, 95, '6203014902790001', 'HADIYAH', '2', 'ANJIR.', '1979-02-09', 'ISTRI'),
(259, 95, '6203016402090002', 'AULIA SOFA', '2', 'BANJARMASIN', '2009-02-24', 'ANAK'),
(260, 95, '6203016005120004', 'NAJWA JAHRA', '2', 'KAPUAS', '2012-05-20', 'ANAK'),
(261, 95, '6203016506150001', 'SAIDATUN NAFISAH', '2', 'KAPUAS', '2015-06-25', 'ANAK'),
(262, 95, '6203016012170003', 'NOR LAILATUL RAHMI', '2', 'KAPUAS', '2017-12-20', 'ANAK'),
(263, 95, '6203016612200002', 'RAYNA SYAHDIYAH', '2', 'KAPUAS', '2020-12-26', 'ANAK'),
(264, 95, '6203014910230002', 'ADEEVA ALESHA', '2', 'KAPUAS', '2023-10-09', 'ANAK'),
(265, 96, '6203012501840003', 'HERIYANTO', '1', 'BANJARMASIN', '1987-01-25', 'KEPALA KELUARGA'),
(266, 96, '6203015509950006', 'SALAMIAH', '2', 'SEI KEHU', '1995-09-15', 'ISTRI'),
(267, 96, '6203011609150001', 'AHMAD RAFAEL', '1', 'KAPUAS', '2015-09-16', 'ANAK'),
(268, 97, '6203077005980001', 'RAUDAH', '2', 'TAJEPAN', '1998-05-30', 'ISTRI'),
(269, 97, '6203011209200002', 'MUHAMMAD NORMAN', '1', 'KAPUAS', '2020-09-12', 'ANAK'),
(270, 98, '6203081201900003', 'RAHMADANI', '1', 'BASARANG', '1990-04-10', 'KEPALA KELUARGA'),
(271, 98, '6203084111960003', 'RATO', '2', 'SAMPANG MULIA', '1998-01-11', 'ISTRI'),
(272, 98, '6203081504190001', 'MUHAMMAD FAHRIANNUR', '1', 'KAPUAS', '2019-04-15', 'ANAK'),
(273, 98, '6203080606230001', 'NAWAWI AHMAD', '1', 'KAPUAS', '2023-06-06', 'ANAK'),
(274, 99, '6203011208540001', 'SURADI EFFENDI', '1', 'BANJARBARU', '1954-08-12', 'KEPALA KELUARGA'),
(275, 99, '6203015205670006', 'MARYANA', '2', 'KUALA KAPUAS', '1967-05-12', 'ISTRI'),
(276, 99, '6203011603910003', 'MARTIN HARIS SANDI', '1', 'SAMARINDA', '1991-03-16', 'ANAK'),
(277, 99, '6203014907030002', 'RIZKY NOR HASANAH', '2', 'KUALA KAPUAS', '2003-07-09', 'ANAK'),
(278, 100, '6203010107830230', 'ARMA DANI', '1', 'KUALA KAPUAS', '1983-07-01', 'KEPALA KELUARGA'),
(279, 101, '6203010203850017', 'SAFRUDIN', '1', 'KUALA KAPUAS', '1985-03-02', 'KEPALA KELUARGA'),
(280, 101, '6203015012860004', 'KARTINI', '2', 'KUALA KAPUAS', '1986-12-10', 'ISTRI'),
(281, 101, '6203016704090003', 'MUTIA AZZAHRA', '2', 'KUALA KAPUAS', '2009-04-27', 'ANAK'),
(282, 101, '6203012301150002', 'MUHAMMAD FIKRI', '1', 'KAPUAS', '2015-01-23', 'ANAK'),
(283, 102, '6203011110750008', 'IHWAN', '1', 'KUALA KAPUAS', '1975-10-11', 'KEPALA KELUARGA'),
(284, 103, '6203041002730005', 'SUBUR', '1', 'BANJARMASIN', '1973-02-10', 'KEPALA KELUARGA'),
(285, 105, '6203015811880002', 'SRIWAHYUNI', '2', 'KUALA KAPUAS', '1987-11-18', 'KEPALA KELUARGA'),
(286, 105, '6203016102070002', 'HELDA WATI', '2', 'KUALA KAPUAS', '2007-02-21', 'ANAK'),
(287, 105, '6203012808130002', 'MUHAMMAD RIZAL', '1', 'KAPUAS', '2013-08-28', 'ANAK'),
(288, 105, '6203015111160005', 'NUR ANNISSA RAHMAH', '2', 'KAPUAS', '2016-11-11', 'ANAK'),
(289, 106, '6203080504830003', 'FAHMI', '1', 'BASARANG', '1983-04-05', 'KEPALA KELUARGA'),
(290, 106, '6203084711900001', 'DINA', '2', 'BASARANG', '1990-11-07', 'ISTRI'),
(291, 106, '6203081904100001', 'AHMAD MUJAHIDIN', '1', 'KAPUAS', '2010-04-19', 'ANAK'),
(292, 106, '6203086211130001', 'SITI KUMAIRAH', '2', 'KAPUAS', '2013-11-22', 'ANAK'),
(293, 107, '6203010808810003', 'FITRIANSYAH', '1', 'BANJARMASIN', '1981-08-08', 'KEPALA KELUARGA'),
(294, 107, '6203014604830004', 'MUHAMMAD RAHMAN', '1', 'SUNGAI TABUK', '2003-12-07', 'ANAK'),
(295, 108, '3329114211900003', 'SINTHYA TINDUH BINTI', '2', 'JAKARTA', '1990-11-02', 'KEPALA KELUARGA'),
(296, 108, '3329134702180001', 'LISBETH TRI BAJENTA KMUR', '2', 'TEGAL', '2018-02-07', 'ANAK'),
(297, 109, '6203012007870008', 'RAHMADI', '1', 'KUALA KAPUAS', '1987-07-20', 'KEPALA KELUARGA'),
(298, 109, '6203015208860010', 'ARMIATI', '2', 'ANJIR', '1986-08-12', 'ISTRI'),
(299, 109, '6203012205100002', 'M. FACHRY KHAIRAN', '1', 'KAPUAS', '2010-05-22', 'ANAK'),
(300, 109, '6203014808160001', 'MAHRIEFA KHAIRIYAH', '2', 'KAPUAS', '2016-08-08', 'ANAK'),
(301, 110, '6203010703610008', 'IDI', '1', 'BATOLA', '1961-03-07', 'KEPALA KELUARGA'),
(302, 110, '6203015203720005', 'SALBIAH', '2', 'TAMBAN', '1972-03-12', 'ISTRI'),
(303, 110, '6203011004030009', 'BAGUS SAPUTRA', '1', 'KUALA KAPUAS', '2003-04-10', 'ANAK'),
(304, 111, '6203011008990009', 'MUHAMMAD AGUS SALAM', '1', 'KUALA KAPUAS', '1999-08-10', 'KEPALA KELUARGA'),
(305, 111, '6203056504970003', 'SALAMAH', '2', 'SEI KAYU', '1997-04-25', 'ISTRI'),
(306, 111, '6203011507200001', 'MUHAMMAD RIFKI NABHAN', '1', 'KAPUAS', '2020-07-15', 'ANAK'),
(307, 112, '6203011808780003', 'ABDULLAH SYAIRI', '1', 'TAMBAN', '1978-08-18', 'KEPALA KELUARGA'),
(308, 112, '6203015306800002', 'SITI FATMAH', '2', 'TELAGA DALAM', '1980-06-13', 'ISTRI'),
(309, 112, '6203017012030009', 'NUUR AZIZAH', '2', 'TAMBAN', '2003-12-30', 'ANAK'),
(310, 112, '6203015008090001', 'ZAIDAH HASANAH', '2', 'TELAGA DALAM', '2009-08-10', 'ANAK'),
(311, 112, '6203015509170002', 'AQILA NUR AZMA', '2', 'KAPUAS', '2017-09-15', 'ANAK'),
(312, 113, '6203012808780005', 'SUBIYAN', '1', 'BASARANG', '1978-08-28', 'KEPALA KELUARGA'),
(313, 113, '6203016107790003', 'RUKAYAH', '2', 'TAMBAN', '1979-07-21', 'ISTRI'),
(314, 113, '6203016112020006', 'SITI AISAH', '2', 'BASARANG', '2002-12-21', 'ANAK'),
(315, 113, '6203015705110003', 'SITI RAUDAH', '2', 'KAPUAS', '2011-05-17', 'ANAK'),
(316, 113, '6203012006210001', 'AHMAD HABIBI', '1', 'KAPUAS', '2021-06-20', 'ANAK'),
(317, 114, '6203014810190001', 'NOR TIARA', '2', 'KAPUAS', '2019-10-08', 'ANAK'),
(318, 115, '6203011510730010', 'SARWONO', '1', 'SARWOGADUNG', '1968-10-15', 'KEPALA KELUARGA'),
(319, 115, '6203015208730005', 'MARSINI', '2', 'CIAMIS', '1973-08-12', 'ISTRI'),
(320, 115, '6203015106140004', 'MUTIA RAHMAH', '2', 'KAPUAS', '2014-06-11', 'ANAK'),
(321, 116, '6303031312850001', 'MIFTAHUL ILMI', '1', 'GAMBUT', '1985-12-13', 'KEPALA KELUARGA'),
(322, 116, '6203014706910005', 'SANIAH', '2', 'GAMBUT', '1991-06-07', 'ISTRI'),
(323, 116, '6303032601140002', 'MUHAMMAD FAHRIJAL', '1', 'BANJAR', '2014-01-26', 'ANAK'),
(324, 116, '6303030706150001', 'MUHAMMAD RIZKI', '1', 'BANJAR', '2015-06-07', 'ANAK'),
(325, 117, '6203010605860008', 'MANDIA', '1', 'ALABIO', '1986-05-06', 'KEPALA KELUARGA'),
(326, 117, '6203014105890008', 'NORSEHAN', '2', 'KUALA KAPUAS', '1989-05-01', 'ISTRI'),
(327, 117, '6203012508110005', 'PUTRA RAMADHAN', '1', 'KAPUAS', '2011-08-25', 'ANAK'),
(328, 118, '6203015805220002', 'DEYA ANANDA ', '2', 'KAPUAS', '2022-05-18', 'ANAK'),
(329, 119, '6203010705160002', 'MUHAMMAD ARKAN SYAFIQ', '1', 'KAPUAS', '2016-05-07', 'ANAK'),
(330, 119, '6203010606210002', 'RIZKY ARYAN', '1', 'KAPUAS', '2021-06-06', 'ANAK'),
(331, 120, '6203090906730003', 'AHMAD SUPRI', '1', 'MANTANGAI', '1973-06-09', 'KEPALA KELUARGA'),
(332, 120, '6203094809750004', 'ANAH', '2', 'SEI GITA', '1975-09-08', 'ISTRI'),
(333, 120, '6203095511040003', 'SARIE', '2', 'SEI GITA', '2004-11-15', 'ANAK'),
(334, 120, '6203092408070001', 'JALI', '1', 'SEI GITA', '2017-08-24', 'ANAK'),
(335, 121, '6203041006650003', 'ABRAN', '1', 'KALUA', '1965-06-10', 'KEPALA KELUARGA'),
(336, 121, '6203046008680001', 'BADARIAH', '2', 'KALUA', '1968-08-20', 'ISTRI'),
(337, 122, '6203094205490001', 'MINI', '2', 'MANTANGAI HILIR', '1949-05-02', 'KEPALA KELUARGA'),
(338, 123, '6203092512680001', 'TUAH', '1', 'SEI GITA', '1968-12-25', 'KEPALA KELUARGA'),
(339, 123, '6203096812720002', 'HENI', '2', 'SEI GITA', '1972-12-28', 'ISTRI'),
(340, 123, '6203095205960005', 'PITRIYATI', '2', 'SEI KAYU', '1996-05-12', 'ANAK'),
(341, 123, '6203092508950002', 'FIRDAUS', '1', 'SEI GITA', '1997-07-27', 'ANAK'),
(342, 123, '6203097003060003', 'NOR RAPIKA', '2', 'KAPUAS', '2006-03-30', 'ANAK'),
(343, 124, '6203085111820002', 'FATHUL JANAH', '2', 'PANARUNG', '1982-11-11', 'ISTRI'),
(344, 125, '6203175903840001', 'NINIK WIJAYANTI', '2', 'SEMARANG', '1984-03-19', 'KEPALA KELUARGA'),
(345, 125, '6203134602110001', 'KHOLIFATUN NISSA', '2', 'KAPUAS', '2011-02-06', 'ANAK'),
(346, 125, '6203174706170001', 'NOR HAFIDZAH', '2', 'KAPUAS', '2017-06-07', 'ANAK'),
(347, 126, '6203051412600002', 'SYAMSUDIN', '1', 'MANDOMAI', '1960-12-14', 'KEPALA KELUARGA'),
(348, 126, '6203056005670001', 'ARBAINAH', '2', 'MANDOMAI', '1967-05-20', 'ISTRI'),
(349, 126, '6203052002010002', 'MUSTAKIM', '1', 'MANDOMAI.', '2001-02-20', 'ANAK'),
(350, 127, '6203030107120001', 'MUHAMAD KAMARUDIN', '1', 'KAPUAS', '2012-07-01', 'ANAK'),
(351, 127, '6203032812200001', 'MUHAMAD NAFIS SULAIMAN', '1', 'KAPUAS', '2020-12-28', 'ANAK'),
(352, 128, '6203086206230001', 'MUTIARA SAMPUL', '2', 'KAPUAS', '2023-06-22', 'ANAK'),
(353, 129, '6203010205790005', 'M. AINI', '1', 'KUALA KAPUAS', '1979-05-02', 'KEPALA KELUARGA'),
(354, 129, '6203016104850004', 'LUPIANI', '2', 'KUALA KAPUAS', '1985-04-21', 'ISTRI'),
(355, 129, '6203015510070001', 'SAFITRI', '2', 'KUALA KAPUAS', '2007-10-15', 'ANAK'),
(356, 129, '6203176708150001', 'NURLINA', '2', 'KAPUAS', '2015-08-27', 'ANAK'),
(357, 130, '6203011109700002', 'ALI SYAHBANA', '1', 'PULAU MAMBULAU', '1970-09-11', 'KEPALA KELUARGA'),
(358, 130, '6203015007750012', 'MARDIAH', '2', 'KUALA KAPUAS', '1975-07-10', 'ISTRI'),
(359, 130, '6203010307970003', 'MUHAMMAD HAFII', '1', 'KUALA KAPUAS', '1997-06-03', 'ANAK'),
(360, 130, '6203013012060004', 'AHMAD HABIBI', '1', 'KUALA KAPUAS', '2006-12-30', 'ANAK'),
(361, 131, '6203081102000002', 'JUMADIANSYAH', '1', 'BASARANG', '2000-02-11', 'KEPALA KELUARGA'),
(362, 131, '6203084107180002', 'KAMELIA SAFITRI', '2', 'KAPUAS', '2018-07-01', 'ISTRI'),
(363, 132, '6203084710840001', 'SALASIAH', '2', 'BASARANG', '1984-10-07', 'ISTRI'),
(364, 132, '6203084107060022', 'DWI MISNA WATI', '2', 'PANARUNG', '2006-07-01', 'ANAK'),
(365, 133, '6203011208560006', 'SAMLAN', '1', 'KUALA KAPUAS', '1956-08-12', 'KEPALA KELUARGA'),
(366, 133, '6203014508600009', 'KARTINAH', '2', 'KUALA KAPUAS', '1960-08-05', 'ISTRI'),
(367, 134, '6203014610820001', 'NORJAKIAH', '2', 'KUALA KAPUAS', '1982-10-06', 'KEPALA KELUARGA'),
(368, 134, '6203014107020300', 'NOOR AMELIA', '2', 'KUALA KAPUAS', '2002-07-01', 'ANAK'),
(369, 134, '6203016104100001', 'FATMAWATI', '2', 'KUALA KAPUAS', '2010-04-21', 'ANAK'),
(370, 135, '6203070504900008', 'NUR BASUKI', '1', 'LAMPUNG TENGAH', '1990-04-05', 'KEPALA KELUARGA'),
(371, 135, '6203074208940007', 'ATIK WIJAYANTI', '2', 'LAMPUNG UTARA', '1994-08-02', 'ISTRI'),
(372, 135, '6203160612150001', 'PUTRA PRATAMA', '1', 'KAPUAS', '2015-12-06', 'ANAK'),
(373, 136, '6203011104720002', 'SABRIANSYAH', '1', 'KUALA KAPUAS', '1972-04-11', 'KEPALA KELUARGA'),
(374, 136, '6203015004770006', 'SALASIAH', '2', 'KUALA KAPUAS', '1977-04-10', 'ISTRI'),
(375, 136, '6203172908090001', 'MUHAMMAD RAMADHAN', '1', 'KAPUAS', '2009-08-29', 'ANAK'),
(376, 137, '6203010211860004', 'HADRI', '1', 'KUALA KAPUAS', '1986-11-02', 'KEPALA KELUARGA'),
(377, 137, '6203015510860003', 'RINA', '2', 'KUALA KAPUAS', '1986-10-15', 'ISTRI'),
(378, 137, '6203014804090003', 'NAYLA', '2', 'KUALA KAPUAS', '2009-04-08', 'ANAK'),
(379, 137, '6203175710150001', 'SOFIA RAHMAH', '2', 'KAPUAS', '2015-10-17', 'ANAK'),
(380, 138, '6203030407790006', 'ULIM', '1', 'SEI RUNGUN', '1980-08-08', 'KEPALA KELUARGA'),
(381, 138, '6203014808830009', 'MIHANI', '2', 'KUALA KAPUAS', '1983-08-08', 'ISTRI'),
(382, 138, '6203011711090005', 'FIKRIANOR', '1', 'KAPUAS', '2009-11-17', 'ANAK'),
(383, 138, '6203172610150001', 'MUHAMMAD YUDI', '1', 'KAPUAS', '2015-10-26', 'ANAK'),
(384, 139, '6203011906860002', 'MUHAMMAD TAYIB', '1', 'KUALA KAPUAS', '1986-06-19', 'KEPALA KELUARGA'),
(385, 139, '6203045905970003', 'NOR ZAKIYAH', '2', 'SEI LENGI', '1997-05-19', 'ISTRI'),
(386, 139, '6203171511150002', 'MUHAMMAD KHAIRUL IKHWAN', '1', 'KAPUAS', '2015-11-15', 'ANAK'),
(387, 139, '6203176709200001', 'HALWATU ZAHRA', '2', 'KAPUAS', '2020-09-27', 'ANAK'),
(388, 140, '6203014512400001', 'SAMANIAH', '2', 'KUALA KAPUAS', '1940-12-05', 'KEPALA KELUARGA'),
(389, 140, '6203015702780004', 'MASITAH', '2', 'KAPUAS', '1978-02-17', 'ANAK'),
(390, 141, '6203010107770483', 'MARLI', '1', 'ANJIR', '1977-07-01', 'KEPALA KELUARGA'),
(391, 141, '6203015210850010', 'RUSMINI', '2', 'KUALA KAPUAS', '1985-10-12', 'ISTRI'),
(392, 141, '6203011606050005', 'MUHAMMAD RIYAN', '1', 'KUALA KAPUAS', '2005-06-16', 'ANAK'),
(393, 141, '6203176208120003', 'INTAN', '2', 'KAPUAS', '2012-08-22', 'ANAK'),
(394, 142, '6203016405630001', 'HADIJAH', '2', 'KUALA KAPUAS', '1963-05-24', 'KEPALA KELUARGA'),
(395, 143, '6203010301730004', 'SYARWANI', '1', 'KUALA KAPUAS', '1973-01-03', 'KEPALA KELUARGA'),
(396, 143, '6203015704790003', 'MARLINA', '2', 'NAGARA', '1979-04-17', 'ISTRI'),
(397, 143, '6203011004970002', 'M. FADLY', '1', 'BANJARMASIN', '1997-04-10', 'ANAK'),
(398, 143, '6203015605050004', 'NURISNA', '2', 'KUALA KAPUAS', '2005-05-16', 'ANAK'),
(399, 144, '6203014512690009', 'NOR ASIAH', '2', 'KUALA KAPUAS', '1969-12-05', 'KEPALA KELUARGA'),
(400, 145, '6203011108680006', 'IDRUS', '1', 'KUALA KAPUAS', '1968-08-11', 'KEPALA KELUARGA'),
(401, 145, '6203014201730001', 'ARBAINAH', '2', 'KUALA KAPUAS', '1973-01-02', 'ISTRI'),
(402, 145, '6203012306980002', 'RUSMAN', '1', 'KUALA KAPUAS', '1998-06-23', 'ANAK'),
(403, 145, '6203012305050002', 'ACHMAD RIPAI', '1', 'KUALA KAPUAS', '2005-05-23', 'ANAK'),
(404, 145, '6203172202130001', 'M. FADILAH', '1', 'KAPUAS', '2013-02-22', 'ANAK'),
(405, 146, '6203011802740002', 'JUNAIDI', '1', 'KAPUAS', '1974-02-18', 'KEPALA KELUARGA'),
(406, 146, '6203016307920008', 'ALFIYAH', '2', 'KAPUAS', '1992-07-23', 'ISTRI'),
(407, 146, '6203010410120003', 'MUHAMMAD ZHIO ABDIKA', '1', 'KAPUAS', '2012-10-04', 'ANAK'),
(408, 147, '6203011706750003', 'SALEH', '1', 'BARABAI', '1975-06-17', 'KEPALA KELUARGA'),
(409, 147, '6203015404800006', 'LAILA', '2', 'NAGARA', '1980-04-14', 'ISTRI'),
(410, 147, '6203010202020013', 'MUHAMMAD FIKRI ANSARI', '1', 'BANJARMASIN', '2002-02-02', 'ANAK'),
(411, 148, '6203130603830001', 'HERMAN', '1', 'BELAWANG', '1983-03-06', 'KEPALA KELUARGA'),
(412, 148, '6203015207890007', 'MAHMUDAH', '2', 'KUALA KAPUAS', '1989-07-12', 'ISTRI'),
(413, 148, '6203134704120001', 'HELSA PURNAMA', '2', 'BATAGUH', '2012-04-07', 'ANAK'),
(414, 148, '6203174205200001', 'MILKA AULIA', '2', 'KAPUAS', '2020-05-02', 'ANAK'),
(415, 149, '6203010307820005', 'SINTO', '1', 'KUALA KAPUAS', '1982-07-03', 'KEPALA KELUARGA'),
(416, 149, '6203016105830002', 'SANTI', '2', 'BANJAR', '1983-05-21', 'ISTRI'),
(417, 149, '6203011807050002', 'IQBAL', '1', 'KUALA KAPUAS', '2005-07-18', 'ANAK'),
(418, 149, '6203174610100001', 'IQRIMAH', '2', 'KAPUAS', '2010-10-06', 'ANAK'),
(419, 149, '6203171204210001', 'MUHAMMAD AR RIZQI', '1', 'KAPUAS', '2021-04-12', 'ANAK'),
(420, 150, '6203010103820012', 'AHMAD', '1', 'MAKASSAR.', '1982-03-01', 'KEPALA KELUARGA'),
(421, 150, '6203016209850001', 'RAHMAH', '2', 'KUALA KAPUAS.', '1985-09-22', 'ISTRI'),
(422, 150, '6203012905080003', 'DICKY AF REZA', '1', 'KAPUAS.', '2008-05-29', 'ANAK'),
(423, 150, '6203012105160001', 'DHYRGA FAHREZA', '1', 'KAPUAS', '2016-05-21', 'ANAK'),
(424, 151, '6203016206000002', 'TARI MAULIDA YUSTISIA', '2', 'KUALA KAPUAS', '2000-06-22', 'ISTRI'),
(425, 151, '6203013101200001', 'MUHAMMAD ARGA NAZRIANO', '1', 'KAPUAS', '2020-01-31', 'ANAK'),
(426, 152, '6203014104550002', 'MARIAH', '2', 'KUALA KAPUAS', '1955-04-01', 'KEPALA KELUARGA'),
(427, 152, '6203010303840011', 'AHMAD SYARIF', '1', 'KUALA KAPUAS', '1984-03-03', 'ANAK'),
(428, 152, '6203056711150001', 'ANINDIA TIANA', '2', 'KAPUAS', '2015-11-27', 'ANAK'),
(429, 153, '6203052004210001', 'ADAM GIFARI', '1', 'KAPUAS', '2021-04-20', 'ANAK'),
(430, 153, '6203055001230001', 'JANEA ALISHA', '2', 'PULANG PISAU', '2023-01-10', 'ANAK'),
(431, 154, '6203051809890001', 'ADE ILMANA', '1', 'MANDOMAI', '1989-09-18', 'KEPALA KELUARGA'),
(432, 154, '6203054102970006', 'HIKMAH', '2', 'SEI DUSUN', '1997-02-01', 'ISTRI'),
(433, 154, '6203050612150001', 'MUHAMAD FAJAR', '1', 'KAPUAS', '2015-12-06', 'ANAK'),
(434, 154, '6203056910220001', 'HAYATUL OKTAVIA', '2', 'KAPUAS', '2022-10-29', 'ANAK'),
(435, 155, '6203052804740003', 'MUHAMMAD YUPI', '1', 'MANDOMAI', '1974-04-28', 'KEPALA KELUARGA'),
(436, 155, '6203054406900003', 'JAMILAH', '2', 'MANDOMAI.', '1990-06-04', 'ISTRI'),
(437, 155, '6203051303110002', 'YUSUF YURIZA', '1', 'KAPUAS', '2011-03-13', 'ANAK'),
(438, 155, '6203052312140001', 'AHMAD YUJABAL', '1', 'KAPUAS', '2014-12-23', 'ANAK'),
(439, 155, '6203051110220002', 'MUHAMMAD MAULIDAN', '1', 'KAPUAS', '2022-10-11', 'ANAK'),
(440, 156, '6203011211790004', 'KARTI', '1', 'KUALA KAPUAS', '1979-11-12', 'KEPALA KELUARGA'),
(441, 156, '6203015108840002', 'PRIDAWATI', '2', 'KUALA KAPUAS', '1984-08-11', 'ISTRI'),
(442, 156, '6203012712000008', 'MUHAMMAD RIZAL', '1', 'KUALA KAPUAS', '2000-12-27', 'ANAK'),
(443, 156, '6203011902060003', 'NURUL IKHSAN', '1', 'KUALA KAPUAS', '2006-02-19', 'ANAK'),
(444, 157, '6203012210840005', 'KHAIRUL', '1', 'HANDEL ALAI', '1983-10-22', 'KEPALA KELUARGA'),
(445, 157, '6203014911900005', 'MURJANNAH', '2', 'BANJARMASIN', '1990-11-09', 'ISTRI'),
(446, 157, '6203012507110001', 'MUHAMMAD MURSIDI', '1', 'KAPUAS', '2011-07-25', 'ANAK'),
(447, 157, '6203016509170001', 'NIDA AZKIA', '2', 'KAPUAS', '2017-09-25', 'ANAK'),
(448, 158, '6203013012810002', 'SAIFUL BAHRI', '1', 'TERUSAN RAYA', '1981-12-30', 'KEPALA KELUARGA'),
(449, 158, '6203016812780007', 'MARIANI', '2', 'PINRANG', '1978-12-28', 'ISTRI'),
(450, 158, '6203010101060021', 'MUHAMMAD RAFI PRATAMA', '1', 'MAMUJU', '2006-01-01', 'ANAK'),
(451, 158, '6203010902120003', 'RIFQI AINI', '1', 'KUALA KAPUAS', '2012-02-09', 'ANAK'),
(452, 159, '6203010108690008', 'HARTONO', '1', 'KUALA KAPUAS', '1969-08-01', 'KEPALA KELUARGA'),
(453, 159, '6203015712740001', 'JARIAH', '2', 'KUALA KAPUAS', '1974-12-17', 'ISTRI'),
(454, 159, '6203014101020012', 'HARTATI', '2', 'KUALA KAPUAS', '2002-01-01', 'ANAK'),
(455, 159, '6203130108100001', 'RAMADAN', '1', 'KAPUAS', '2010-08-01', 'ANAK'),
(456, 160, '6203011203760004', 'MURJANI', '1', 'AMUNTAI', '1976-03-12', 'KEPALA KELUARGA'),
(457, 160, '6203016801800002', 'BAINAH', '2', 'MANDOMAI', '1980-01-28', 'ISTRI'),
(458, 160, '6203015503990008', 'NOR RITA', '2', 'KUALA KAPUAS', '1999-03-15', 'ANAK'),
(459, 160, '6203011409010007', 'MUHAMAD RANO', '1', 'KUALA KAPUAS', '2001-09-14', 'ANAK'),
(460, 160, '6203015201040003', 'RINI ANITA', '2', 'KUALA KAPUAS', '2004-01-12', 'ANAK'),
(461, 161, '6203011204670005', 'MADSALI', '1', 'KEDIRI', '1967-04-12', 'KEPALA KELUARGA'),
(462, 161, '6203015005710011', 'ROMIATUN', '2', 'SEMARANG', '1971-05-10', 'ISTRI'),
(463, 162, '6203010105750008', 'ACHMAD SAMSUL', '1', 'PASURUAN', '1975-05-01', 'KEPALA KELUARGA'),
(464, 162, '6203016211780002', 'SUSYANTI', '2', 'KAPUAS', '1978-11-22', 'ISTRI'),
(465, 162, '6203015508980007', 'BAITUL MA\'WAH', '2', 'DADAHUP', '1998-08-09', 'ANAK'),
(466, 162, '6203015902030006', 'SITI FATIMAH', '2', 'KAPUAS', '2003-02-19', 'ANAK'),
(467, 163, '6203092607930001', 'HENDRI', '1', 'MANUSUP', '1994-04-08', 'KEPALA KELUARGA'),
(468, 163, '6203054809970001', 'INEH', '2', 'TELUK HIRI', '1997-09-08', 'ISTRI'),
(469, 163, '6203094704180001', 'MEYKA', '2', 'KAPUAS', '2018-04-07', 'ANAK'),
(470, 163, '6203093009210001', 'MUHAMAD ZAHRIL', '1', 'KAPUAS', '2021-09-30', 'ANAK'),
(471, 164, '6203011909760001', 'ARDONO', '1', 'PANTAI', '1976-09-19', 'KEPALA KELUARGA'),
(472, 164, '6203015111870006', 'IMAH', '2', 'PULAU TELO', '1987-11-11', 'ISTRI'),
(473, 164, '6203012905040002', 'ALDY SURYANATA', '1', 'PULAU TELO', '2004-05-29', 'ANAK'),
(474, 164, '6203017004140004', 'NAHDA NAIMA', '2', 'KAPUAS', '2014-04-30', 'ANAK'),
(475, 165, '6203010608800009', 'RAYADI', '1', 'PANTAI', '1980-08-06', 'KEPALA KELUARGA'),
(476, 165, '6203014912030009', 'DINI', '2', 'KUALA KAPUAS', '2003-12-09', 'ISTRI'),
(477, 166, '6203011011830009', 'APU WARDANA', '1', 'MOROI', '1983-11-10', 'KEPALA KELUARGA'),
(478, 166, '6203015701900004', 'FATIMAH', '2', 'KUALA KAPUAS', '1990-01-17', 'ISTRI'),
(479, 166, '6203011010090003', 'DAFA ARDIANO', '1', 'KUALA KAPUAS', '2009-10-10', 'ANAK'),
(480, 166, '6203013107160001', 'ABDAL FADILLAH', '1', 'KAPUAS', '2016-07-31', 'ANAK'),
(481, 166, '6203011012180001', 'MUHAMAD IQBAL SAPUTRA', '1', 'KAPUAS ', '2018-12-10', 'ANAK'),
(482, 167, '6203011701180001', 'NABIT AIBAR', '1', 'KAPUAS', '2018-01-17', 'ANAK'),
(483, 168, '6203015504360002', 'NOR HAYAH', '2', 'BANJARMASIN.', '1936-04-15', 'KEPALA KELUARGA'),
(484, 168, '6203016210670002', 'FATMAWATI', '2', 'KUALA KAPUAS', '1967-10-22', 'ANAK'),
(485, 168, '6203015012740007', 'KARYAWATI', '2', 'KUALA KAPUAS', '1974-12-10', 'ANAK'),
(486, 169, '6203082201900001', 'MUHAMAD YUSUP', '1', 'BASARANG', '1990-01-22', 'KEPALA KELUARGA'),
(487, 169, '6203024206940001', 'ANITA', '2', 'SEI RIMBUT', '1994-06-02', 'ISTRI'),
(488, 169, '6203024610120001', 'NORAIDA', '2', 'KAPUAS', '2012-10-06', 'ANAK'),
(489, 169, '6203027101190001', 'FITRI', '2', 'KAPUAS', '2019-01-31', 'ANAK'),
(490, 170, '6203130708900001', 'FITRI', '1', 'KUALA KAPUAS', '1990-08-07', 'KEPALA KELUARGA'),
(491, 170, '6203014507910008', 'SITI HADIJAH', '2', 'KUALA KAPUAS', '1991-07-05', 'ISTRI'),
(492, 170, '6203135806120001', 'FATIMAH ADDIBAH', '2', 'KUALA KAPUAS', '2012-06-18', 'ANAK'),
(493, 170, '6203171608220001', 'MUHAMMAD LUTFI AR RIZKI', '1', 'KAPUAS', '2022-08-16', 'ANAK'),
(494, 171, '6203010406740004', 'BAHRUDIN', '1', 'KUALA KAPUAS', '1974-06-04', 'KEPALA KELUARGA'),
(495, 171, '6203014601760003', 'RAIHANAH', '2', 'BANGKARAI', '1976-01-06', 'ISTRI'),
(496, 171, '6203012407020001', 'MUHAMAD SAYUTI', '1', 'MUARA ANJIR', '2002-07-24', 'ANAK'),
(497, 171, '6203016404080001', 'RABBIATUL ADAUWIYAH', '2', 'MUARA ANJIR', '2008-04-24', 'ANAK'),
(498, 172, '6203010409720002', 'MUHAMMAD UDAN', '1', 'NAGARA DAHA SELATAN', '1965-03-10', 'KEPALA KELUARGA'),
(499, 173, '6203015903630002', 'SITI AISYAH', '2', 'KUALA KAPUAS', '1963-03-19', 'KEPALA KELUARGA'),
(500, 173, '6203011309970002', 'ANSITU RAHMAN', '1', 'KUALA KAPUAS.', '1997-09-13', 'ANAK'),
(501, 174, '6203012007860008', 'TAUFIK HIDAYAT', '1', 'BANJARMASIN', '1986-07-20', 'KEPALA KELUARGA'),
(502, 174, '6203015812880007', 'LINDA SAPUTRI', '2', 'KUALA KAPUAS', '1988-12-18', 'ISTRI'),
(503, 174, '6203010905130001', 'MUHAMMAD RAFIANDRA SAPUTRA', '1', 'KAPUAS', '2013-05-09', 'ANAK'),
(504, 174, '6203015109200002', 'KHALISA NORA QIRANI', '2', 'KAPUAS', '2020-09-11', 'ANAK'),
(505, 175, '6203010709910002', 'SARIPUDIN', '1', 'PULAU KUPANG', '1991-09-07', 'KEPALA KELUARGA'),
(506, 176, '6203012512590005', 'ANANG LAMSYAH', '1', 'PANAMAS', '1959-12-25', 'KEPALA KELUARGA'),
(507, 177, '6271032703930003', 'MAT RAYA', '1', 'PALANGKA RAYA', '1994-03-27', 'KEPALA KELUARGA'),
(508, 177, '6203035902940001', 'SAFRINA', '2', 'KASONGAN', '1994-02-19', 'ISTRI'),
(509, 177, '6271033001220002', 'MUHAMMAD IQBAL', '1', 'ANJIR SERAPAT', '2022-01-30', 'ANAK'),
(510, 178, '6203021504630001', 'KURNIA', '1', 'SEI HANYU', '1963-04-15', 'KEPALA KELUARGA'),
(511, 179, '6203066408740001', 'HADIJAH', '2', 'TABALIEN', '1974-08-24', 'KEPALA KELUARGA'),
(512, 180, '6203084203020003', 'MARLINA', '2', 'DESA MALUEN', '2002-03-02', 'ISTRI'),
(513, 181, '6203092107750001', 'YUHANDI R.', '1', 'MANTANGAI', '1975-07-21', 'KEPALA KELUARGA'),
(514, 181, '6203054411700004', 'WANA', '2', 'PANTAI.', '1970-11-04', 'ISTRI'),
(515, 181, '6203091602040001', 'PIRDO SENJAYA', '1', 'MANTANGAI', '2002-04-26', 'ANAK'),
(516, 182, '6203050602850001', 'APNORIADI', '1', 'MANDOMAI', '1985-02-06', 'KEPALA KELUARGA'),
(517, 182, '6203056805910001', 'SERIYATI', '2', 'KATUNJUNG', '1991-05-28', 'ISTRI'),
(518, 182, '6203054510100001', 'NORHIDAYAH', '2', 'KATUNJUNG', '2010-05-20', 'ANAK'),
(519, 182, '6203054205170001', 'MUTIARA AZZAHRA', '2', 'KAPUAS', '2017-05-02', 'ANAK'),
(520, 183, '3309181510500002', 'NURCHOLIS', '1', 'BOYOLALI', '1950-10-15', 'KEPALA KELUARGA'),
(521, 183, '3309184803570001', 'SUTRI', '2', 'BOYOLALI', '1957-03-08', 'ISTRI'),
(522, 184, '6203080306940005', 'SISWAN', '1', 'BASARANG', '1993-03-01', 'KEPALA KELUARGA'),
(523, 184, '6203084505930005', 'SAMNAH', '2', 'BASARANG', '1996-05-05', 'ISTRI'),
(524, 184, '6203084109160001', 'NURRAYA AZZAHRA', '2', 'KAPUAS', '2017-09-01', 'ANAK'),
(525, 185, '6203080904750002', 'M.RAFI\'I.', '1', 'BASARANG', '1975-04-09', 'KEPALA KELUARGA'),
(526, 185, '6203084801800001', 'ALFISAH', '2', 'BASARANG', '1980-01-08', 'ISTRI'),
(527, 185, '6203081601050002', 'M. KHATIM', '1', 'BUDI', '2005-01-16', 'ANAK'),
(528, 185, '6203086505130001', 'KHATIMATUL HUSNA', '2', 'KAPUAS', '2013-05-25', 'ANAK'),
(529, 186, '6203012006690003', 'RAFI\'I', '1', 'MANDOMAI', '1969-06-20', 'KEPALA KELUARGA'),
(530, 186, '6203016006790005', 'NOORHAYAH', '2', 'KUALA KAPUAS', '1979-06-20', 'ISTRI'),
(531, 186, '6203012905030001', 'AHMAD MAULANA', '1', 'KUALA KAPUAS', '2003-05-29', 'ANAK'),
(532, 186, '6203010512120001', 'RIFQI GAJALI', '1', 'KAPUAS', '2012-12-05', 'ANAK'),
(533, 187, '6203091404580001', 'ASMUNI', '1', 'TANJUNG KALANIS', '1958-04-14', 'KEPALA KELUARGA'),
(534, 187, '6203096908670003', 'MARNAH', '2', 'SUNGAI DURAIT', '1967-03-29', 'ISTRI'),
(535, 188, '6203010406420002', 'M. JARMAN', '1', 'KUALA KAPUAS', '1942-06-04', 'KEPALA KELUARGA'),
(536, 188, '6203014201520001', 'NORSINAH', '2', 'KUALA KAPUAS', '1952-01-02', 'ISTRI'),
(537, 188, '6203012004830009', 'MUHAMMAD HILMAN', '1', 'KUALA KAPUAS', '1983-04-20', 'ANAK'),
(538, 189, '6203010704860003', 'MUHAMMAD FADLI', '1', 'KUALA KAPUAS', '1986-04-07', 'KEPALA KELUARGA'),
(539, 189, '6203025001850002', 'ARIYANI', '2', 'MUARA BAKANON', '1985-01-10', 'ISTRI'),
(540, 189, '6203015207180001', 'AFIFAH HILYA', '2', 'KAPUAS', '2018-07-12', 'ANAK'),
(541, 189, '6203016204200003', 'ANNISA AULIA RAHMAH', '2', 'KAPUAS', '2020-04-22', 'ANAK'),
(542, 190, '6203011010680013', 'AHMAD MARBAWI', '1', 'KUALA KAPUAS', '1968-10-10', 'KEPALA KELUARGA'),
(543, 190, '6203014704720009', 'MARDIANA', '2', 'KUALA KAPUAS', '1972-04-07', 'ISTRI'),
(544, 190, '6203016609080003', 'AZZAHRA', '2', 'KUALA KAPUAS', '2008-09-26', 'ANAK'),
(545, 191, '6306065010830001', 'RIKA AMILIA', '2', 'BANJARMASIN', '1983-10-10', 'KEPALA KELUARGA'),
(546, 191, '6306065906030001', 'LATIPAH', '2', 'KANDANGAN', '2003-06-19', 'ANAK'),
(547, 191, '6306066711110003', 'RAHMAH', '2', 'HULU SUNGAI SELATAN', '2009-11-27', 'ANAK'),
(548, 192, '6203012501840003', 'HERIYANTO', '1', 'BANJARMASIN', '1987-01-25', 'KEPALA KELUARGA'),
(549, 192, '6203015509950006', 'SALAMIAH', '2', 'SEI KEHU', '1995-09-15', 'ISTRI'),
(550, 192, '6203011609150001', 'AHMAD RAFAEL', '1', 'KAPUAS', '2015-09-16', 'ANAK'),
(551, 193, '6203022011620002', 'HASAN', '1', 'SEI RIMBUT', '1962-11-20', 'KEPALA KELUARGA'),
(552, 193, '6203025611660002', 'MASLIANA', '2', 'KANDANGAN', '1966-11-16', 'ISTRI'),
(553, 193, '6203020806990002', 'INDRA', '1', 'SEI RIMBUT', '1999-06-08', 'ANAK'),
(554, 194, '6203012112710003', 'PANDI', '1', 'KUALA KAPUAS', '1971-12-21', 'KEPALA KELUARGA'),
(555, 194, '6203014107740093', 'NURSINAH', '2', 'KUALA KAPUAS', '1972-07-15', 'ISTRI'),
(556, 195, '6203014509940004', 'ASTUTI NINGSIH', '2', 'KUALA KAPUAS', '1994-07-21', 'KEPALA KELUARGA'),
(557, 196, '6203010104680006', 'ARLAN', '1', 'KUALA KAPUAS', '1968-04-01', 'KEPALA KELUARGA'),
(558, 196, '6203015509800005', 'RATNA', '2', 'KUALA KAPUAS', '1980-09-15', 'ISTRI'),
(559, 196, '6203011511990005', 'HENDRA', '1', 'KUALA KAPUAS', '1999-11-15', 'ANAK'),
(560, 196, '6203015805100002', 'ALIYATUL HIMMAH', '2', 'KAPUAS', '2010-05-18', 'ANAK'),
(561, 197, '6303044107720281', 'PARIDAH', '2', 'PEMBANTANAN', '1972-07-01', 'KEPALA KELUARGA'),
(562, 197, '6203011807970007', 'BUDI TAUHID', '1', 'MARTAPURA', '1997-07-18', 'ANAK'),
(563, 197, '6203014711150002', 'SANIA AZAHRA', '2', 'KAPUAS', '2015-11-07', 'ANAK'),
(564, 198, '6203014107800309', 'KAFSIYAH', '2', 'KUALA KAPUAS', '1980-07-01', 'KEPALA KELUARGA'),
(565, 198, '6203012911070002', 'M. JAILANI', '1', 'KUALA KAPUAS', '2006-10-30', 'ANAK'),
(566, 198, '6203014110090004', 'MAULIDA', '2', 'KAPUAS', '2009-10-01', 'ANAK'),
(567, 198, '6203012401180002', 'AHMAD ZAINI', '1', 'KAPUAS', '2018-01-24', 'ANAK'),
(568, 198, '6203016002210002', 'LAYLA AZAHRA', '2', 'KAPUAS', '2021-02-20', 'ANAK'),
(569, 199, '6203072404760004', 'SARJONO', '1', 'WONOSARI', '1976-04-24', 'KEPALA KELUARGA'),
(570, 199, '6203074101820004', 'SITI QOMARIAH', '2', 'KOTA BARU', '1982-01-01', 'ISTRI'),
(571, 199, '6203075111010002', 'NOVITA PUTRI', '2', 'PALINGKAU ASRI', '2001-11-11', 'ANAK'),
(572, 200, '6203032404010001', 'AHMADI', '1', 'ANJIR SERAPAT', '2001-04-24', 'KEPALA KELUARGA'),
(573, 201, '6203011107160002', 'MUHAMMAD AINU', '1', 'KAPUAS', '2016-07-11', 'ANAK'),
(574, 202, '6203011204640009', 'MURDANI', '1', 'BARABAI', '1964-04-12', 'KEPALA KELUARGA'),
(575, 202, '6203014305680017', 'SANIAH', '2', 'BARABAI', '1968-05-03', 'ISTRI'),
(576, 202, '6203016304020009', 'MARLINA', '2', 'KUALA KAPUAS', '2002-04-23', 'ANAK'),
(577, 203, '6203012408830004', 'AHMAD NOOR', '1', 'KUALA KAPUAS', '1983-08-24', 'KEPALA KELUARGA'),
(578, 203, '6203016708850006', 'MA\'RIFAH', '2', 'MANDOMAI', '1985-08-27', 'ISTRI'),
(579, 203, '6203014101100001', 'AINURRAHMAH', '2', 'KUALA KAPUAS', '2010-01-01', 'ANAK'),
(580, 203, '6203014508210001', 'NORSYIFA MAHMUDAH', '2', 'KAPUAS', '2021-08-05', 'ANAK'),
(581, 204, '6203010707750015', 'MAJRUR KHAIRI', '1', 'BARABAI', '1975-07-07', 'KEPALA KELUARGA'),
(582, 204, '6203014208770006', 'NURHAYATI', '2', 'KUALA KAPUAS', '1977-08-02', 'ISTRI'),
(583, 204, '6203017006090001', 'NUR MAULIDYA PUTRI', '2', 'KUALA KAPUAS', '2009-06-30', 'ANAK'),
(584, 205, '6203010101690011', 'MAWARDI', '1', 'KUALA KAPUAS', '1969-01-01', 'KEPALA KELUARGA'),
(585, 205, '6203016907720005', 'ARPIYAH', '2', 'KUALA KAPUAS', '1972-07-29', 'ISTRI');

-- --------------------------------------------------------

--
-- Struktur dari tabel `pemohon`
--

CREATE TABLE `pemohon` (
  `id_pemohon` int(10) NOT NULL,
  `nama` varchar(100) NOT NULL,
  `alamat` varchar(100) NOT NULL,
  `tgl_lahir` date NOT NULL,
  `jenis_kelamin` varchar(40) NOT NULL,
  `telepon` varchar(15) NOT NULL,
  `id_user` int(10) NOT NULL
) ENGINE=InnoDB DEFAULT CHARSET=utf8mb4 COLLATE=utf8mb4_general_ci;

--
-- Dumping data untuk tabel `pemohon`
--

INSERT INTO `pemohon` (`id_pemohon`, `nama`, `alamat`, `tgl_lahir`, `jenis_kelamin`, `telepon`, `id_user`) VALUES
(1, 'M. sarif', 'panamas', '2002-07-05', 'laki laki', '121', 2),
(2, 'aida', 'jl. barito', '2002-04-11', 'perempuan', '08329391283458', 3),
(3, 'M. Sarif', 'panamas', '2009-08-06', 'Laki-laki', '081549310752', 5),
(5, 'anisa', 'PANAMAS', '2002-09-06', 'Perempuan', '081549310752', 7),
(17, 'aida wahyuni', 'jl. pemuda', '2002-04-11', 'Perempuan', '081549300158', 19);

-- --------------------------------------------------------

--
-- Struktur dari tabel `pengajuan`
--

CREATE TABLE `pengajuan` (
  `id_pemohon` int(11) NOT NULL,
  `id_pengajuan` int(11) NOT NULL,
  `nomor_kk` varchar(25) NOT NULL,
  `tgl_pengajuan` date NOT NULL,
  `alamat` varchar(100) NOT NULL,
  `rt` int(5) NOT NULL,
  `rw` int(5) NOT NULL,
  `desa` varchar(100) NOT NULL,
  `kecamatan` varchar(50) NOT NULL,
  `sktm` varchar(100) NOT NULL,
  `dtks` varchar(100) NOT NULL,
  `kartu_keluarga` varchar(100) NOT NULL,
  `ktp` varchar(100) NOT NULL,
  `id_verifikasi` int(11) NOT NULL
) ENGINE=InnoDB DEFAULT CHARSET=utf8mb4 COLLATE=utf8mb4_general_ci;

--
-- Dumping data untuk tabel `pengajuan`
--

INSERT INTO `pengajuan` (`id_pemohon`, `id_pengajuan`, `nomor_kk`, `tgl_pengajuan`, `alamat`, `rt`, `rw`, `desa`, `kecamatan`, `sktm`, `dtks`, `kartu_keluarga`, `ktp`, `id_verifikasi`) VALUES
(5, 1, '6203012801210003', '2024-07-25', 'JL. TERATAI', 26, 3, 'SELAT TENGAH', 'SELAT', '17233604986826.png', '17233604982763.png', '17233604987705.png', '17233604986574.png', 0),
(5, 2, '6203011511200001', '2024-07-25', 'JL. MAHAKAM GG. 4 NO. 32', 20, 2, 'SELAT TENGAH', 'SELAT', '17233604986826.png', '17233604982763.png', '17233604987705.png', '17233604986574.png', 0),
(5, 3, '6203070811110008', '2024-07-25', 'PALINGKAU LAMA', 1, 0, 'PALINGKAU LAMA', 'KAPUAS MURUNG', '17233604986826.png', '17233604982763.png', '17233604987705.png', '17233604986574.png', 0),
(5, 4, '6203050601090033', '2024-07-25', 'JL. PANGLIMA KAPANG', 7, 0, 'ANJIR KALAMPAN', 'KAPUAS BARAT', '17233604986826.png', '17233604982763.png', '17233604987705.png', '17233604986574.png', 0),
(5, 5, '6203050901090041', '2024-07-25', 'ANJIR KALAMPAN', 7, 0, 'ANJIR KALAMPAN', 'KAPUAS BARAT', '17233604986826.png', '17233604982763.png', '17233604987705.png', '17233604986574.png', 0),
(5, 6, '6203012307200005', '2024-07-25', 'JL. MELATI NO.62', 29, 3, 'SELAT TENGAH', 'SELAT', '17233604986826.png', '17233604982763.png', '17233604987705.png', '17233604986574.png', 0),
(5, 7, '6203012709080188', '2024-07-25', 'JL. DURIAN', 4, 0, 'PULAU TELO', 'SELAT', '17233604986826.png', '17233604982763.png', '17233604987705.png', '17233604986574.png', 0),
(5, 8, '6203010308200008', '2024-07-25', 'JL. DURIAN', 4, 0, 'PULAU TELO', 'SELAT', '17233604986826.png', '17233604982763.png', '17233604987705.png', '17233604986574.png', 0),
(5, 9, '6203050102210006', '2024-07-25', 'ANJIR KALAMPAN', 7, 0, 'ANJIR KALAMPAN', 'KAPUAS BARAT', '17233604986826.png', '17233604982763.png', '17233604987705.png', '17233604986574.png', 0),
(5, 10, '6203012503140007', '2024-07-25', 'JL DURIAN', 4, 0, 'PULAU TELO', 'SELAT', '17233604986826.png', '17233604982763.png', '17233604987705.png', '17233604986574.png', 0),
(5, 11, '6203012508160004', '2024-07-25', 'JL. ANGGREK', 9, 1, 'SELAT TENGAH', 'SELAT', '17233604986826.png', '17233604982763.png', '17233604987705.png', '17233604986574.png', 0),
(5, 12, '6203012908080200', '2024-07-25', 'JL. ANGGREK', 9, 1, 'SELAT TENGAH', 'SELAT', '17233604986826.png', '17233604982763.png', '17233604987705.png', '17233604986574.png', 0),
(5, 13, '6203030701090038', '2024-07-25', 'ANJIR SERAPAT KM. 6,5', 4, 0, 'ANJIR MAMBULAU TIMUR', 'KAPUAS TIMUR', '17233604986826.png', '17233604982763.png', '17233604987705.png', '17233604986574.png', 0),
(5, 14, '6203011010170001', '2024-07-25', 'JL. PATIH RUMBIH NO. 20', 7, 2, 'SELAT BARAT', 'SELAT', '17233604986826.png', '17233604982763.png', '17233604987705.png', '17233604986574.png', 0),
(5, 15, '6402062803120039', '2024-07-25', 'JL DURIAN RT.007', 7, 0, 'PULAU TELO', 'SELAT', '17233604986826.png', '17233604982763.png', '17233604987705.png', '17233604986574.png', 0),
(5, 16, '6203052411200004', '2024-07-25', 'JL. RIA GILANG NO. 431', 2, 1, 'MANDOMAI', 'KAPUAS BARAT', '17233604986826.png', '17233604982763.png', '17233604987705.png', '17233604986574.png', 0),
(5, 17, '6203011910100026', '2024-07-25', 'JL. MELATI NO. 26', 29, 0, 'SELAT TENGAH', 'SELAT', '17233604986826.png', '17233604982763.png', '17233604987705.png', '17233604986574.png', 0),
(5, 18, '6271030902210019', '2024-07-25', 'JL. MELATI NO. 26', 29, 0, 'SELAT TENGAH', 'SELAT', '17233604986826.png', '17233604982763.png', '17233604987705.png', '17233604986574.png', 0),
(5, 19, '6203012309080210', '2024-07-25', 'JL. SEMANGAT BARU GG. IX', 4, 0, 'SELAT DALAM', 'SELAT', '17233604986826.png', '17233604982763.png', '17233604987705.png', '17233604986574.png', 0),
(5, 20, '6203012709080089', '2024-07-25', 'JL. DURIAN NO. 017', 7, 0, 'PULAU TELO', 'SELAT', '17233604986826.png', '17233604982763.png', '17233604987705.png', '17233604986574.png', 0),
(5, 21, '6203012709080248', '2024-07-25', 'JL. DURIAN', 4, 0, 'PULAU TELO', 'SELAT', '17233604986826.png', '17233604982763.png', '17233604987705.png', '17233604986574.png', 0),
(5, 22, '6203010702180002', '2024-07-25', 'JL. CILIK RIWUT GG. 5 CITRA PERMAI', 12, 4, 'SELAT HULU', 'SELAT', '17233604986826.png', '17233604982763.png', '17233604987705.png', '17233604986574.png', 0),
(5, 23, '6203091910220014', '2024-07-25', 'JL. NYAI INDU RUNTUN NO. 25', 4, 0, 'MANTANGAI TENGAH', 'MANTANGAI', '17233604986826.png', '17233604982763.png', '17233604987705.png', '17233604986574.png', 0),
(5, 24, '6203012009080093', '2024-07-25', 'JL. PATIH RUMBIH', 9, 0, 'SELAT BARAT', 'SELAT', '17233604986826.png', '17233604982763.png', '17233604987705.png', '17233604986574.png', 0),
(5, 25, '6203011709080132', '2024-07-25', 'JL. PEMUDA KM. 5,5', 7, 3, 'SELAT UTARA', 'SELAT', '17233604986826.png', '17233604982763.png', '17233604987705.png', '17233604986574.png', 0),
(5, 26, '6203012709080178', '2024-07-25', 'JL. DURIAN NO. 05', 7, 0, 'PULAU TELO', 'SELAT', '17233604986826.png', '17233604982763.png', '17233604987705.png', '17233604986574.png', 0),
(5, 27, '6203090512110019', '2024-07-25', 'JL. NYAI INDU RUNTUN NO. 25', 4, 0, 'MANTANGAI TENGAH', 'MANTANGAI', '17233604986826.png', '17233604982763.png', '17233604987705.png', '17233604986574.png', 0),
(5, 28, '6203011306090008', '2024-07-25', 'JL. KAPTEN P. TENDEAN', 6, 0, 'SELAT HILIR', 'SELAT', '17233604986826.png', '17233604982763.png', '17233604987705.png', '17233604986574.png', 0),
(5, 29, '6203012609080005', '2024-07-25', 'JL. DURIAN', 4, 0, 'PULAU TELO', 'SELAT', '17233604986826.png', '17233604982763.png', '17233604987705.png', '17233604986574.png', 0),
(5, 30, '6203012412130002', '2024-07-25', 'JL. DURIAN', 4, 0, 'PULAU TELO', 'SELAT', '17233604986826.png', '17233604982763.png', '17233604987705.png', '17233604986574.png', 0),
(5, 31, '6203012709080240', '2024-07-25', 'JL. DURIAN', 4, 0, 'PULAU TELO', 'SELAT', '17233604986826.png', '17233604982763.png', '17233604987705.png', '17233604986574.png', 0),
(5, 32, '6203012311110020', '2024-07-25', 'JL. KAPUAS', 3, 1, 'SELAT TENGAH', 'SELAT', '17233604986826.png', '17233604982763.png', '17233604987705.png', '17233604986574.png', 0),
(5, 33, '6203062010220001', '2024-07-25', 'HANDEL PALINGET', 3, 0, 'TELUK PALINGET', 'PULAU PETAK', '17233604986826.png', '17233604982763.png', '17233604987705.png', '17233604986574.png', 0),
(5, 34, '6203012601160006', '2024-07-25', 'JL. KASTURI', 5, 0, 'PULAU TELO', 'SELAT', '17233604986826.png', '17233604982763.png', '17233604987705.png', '17233604986574.png', 0),
(5, 35, '6203011007240001', '2024-07-25', 'JL. KAPUAS NO. 01', 3, 1, 'SELAT TENGAH', 'SELAT', '17233604986826.png', '17233604982763.png', '17233604987705.png', '17233604986574.png', 0),
(5, 36, '6203032103090003', '2024-07-25', 'ANJIR SERAPAT TENGAH', 24, 0, 'ANJIR SERAPAT TENGAH', 'KAPUAS TIMUR', '17233604986826.png', '17233604982763.png', '17233604987705.png', '17233604986574.png', 0),
(5, 37, '6203111005100006', '2024-07-25', 'JL. DAMANG RAHU', 3, 0, 'PUJON', 'KAPUAS TENGAH', '17233604986826.png', '17233604982763.png', '17233604987705.png', '17233604986574.png', 0),
(5, 38, '6203110107240002', '2024-07-25', 'PUJON', 3, 0, 'PUJON', 'KAPUAS TENGAH', '17233604986826.png', '17233604982763.png', '17233604987705.png', '17233604986574.png', 0),
(5, 39, '6203170707170005', '2024-07-25', 'TAMBAN LUAR', 19, 4, 'TAMBAN LUAR', 'BATAGUH', '17233604986826.png', '17233604982763.png', '17233604987705.png', '17233604986574.png', 0),
(5, 40, '6203012709080034', '2024-07-25', 'JL. KASTURI', 5, 0, 'PULAU TELO', 'SELAT', '17233604986826.png', '17233604982763.png', '17233604987705.png', '17233604986574.png', 0),
(5, 41, '6203011506160011', '2024-07-25', 'JL. CILIK RIWUT GG. KELUARGA II', 5, 0, 'PULAU TELO', 'SELAT', '17233604986826.png', '17233604982763.png', '17233604987705.png', '17233604986574.png', 0),
(5, 42, '6203011408170011', '2024-07-25', 'JL. KASTURI', 5, 0, 'PULAU TELO', 'SELAT', '17233604986826.png', '17233604982763.png', '17233604987705.png', '17233604986574.png', 0),
(5, 43, '6203012709080151', '2024-07-25', 'JL. CILIK RIWUT', 5, 0, 'PULAU TELO', 'SELAT', '17233604986826.png', '17233604982763.png', '17233604987705.png', '17233604986574.png', 0),
(5, 44, '6203012812200005', '2024-07-25', 'JL. DURIAN', 5, 0, 'PULAU TELO', 'SELAT', '17233604986826.png', '17233604982763.png', '17233604987705.png', '17233604986574.png', 0),
(5, 45, '6203010307200010', '2024-07-25', 'JL. ANGGREK GG. VII', 16, 2, 'SELAT TENGAH', 'SELAT', '17233604986826.png', '17233604982763.png', '17233604987705.png', '17233604986574.png', 0),
(5, 46, '6203012908080014', '2024-07-25', 'JL. ANGGREK NO. 63', 16, 2, 'SELAT TENGAH', 'SELAT', '17233604986826.png', '17233604982763.png', '17233604987705.png', '17233604986574.png', 0),
(5, 47, '6203010509080255', '2024-07-25', 'JL. SARE PULAU', 9, 0, 'PULAU MAMBULAU', 'BATAGUH', '17233604986826.png', '17233604982763.png', '17233604987705.png', '17233604986574.png', 0),
(5, 48, '6203011510190002', '2024-07-25', 'JL. MAHAKAM GG. ABADI NO. 16', 21, 2, 'SELAT TENGAH', 'SELAT', '17233604986826.png', '17233604982763.png', '17233604987705.png', '17233604986574.png', 0),
(5, 49, '6203012912110007', '2024-07-25', 'JL. CILIK RIWUT GG. DAMAI NO. 25', 30, 3, 'SELAT HULU', 'SELAT', '17233604986826.png', '17233604982763.png', '17233604987705.png', '17233604986574.png', 0),
(5, 50, '6203011407200006', '2024-07-25', 'JL. CILIK RIWUT GG. CITRA PERMAI', 12, 4, 'SELAT HULU', 'SELAT', '17233604986826.png', '17233604982763.png', '17233604987705.png', '17233604986574.png', 0),
(5, 51, '6203010302010387', '2024-07-25', 'sungai baras', 2, 1, 'selat utara', 'selat', '17219317227962.png', '17219317229880.png', '17219317229580.png', '17219317224536.png', 0),
(17, 55, '6203015487980032', '2024-08-04', 'jl. pemuda', 12, 1, 'selat utara', 'selat', '17227777402205.png', '17227777409060.png', '17227777402819.png', '17227777401813.png', 0),
(17, 56, '6203015689260878', '2024-08-06', 'jl. pemuda ', 13, 1, 'selat utara', 'selat', '17229249317373.png', '17229249318682.png', '17229249315413.png', '17229249312434.png', 0),
(17, 57, '6203012801210003', '2024-08-11', 'JL. TERATAI', 26, 3, 'SELAT TENGAH', 'SELAT', '17233604986826.png', '17233604982763.png', '17233604987705.png', '17233604986574.png', 0),
(5, 58, '6203011905100007', '2024-07-25', 'JL. CILIK RIWUT GG. V', 12, 4, 'SELAT HULU', 'SELAT', '17233604986826.png', '17233604982763.png', '17233604987705.png', '17233604986574.png', 0),
(5, 59, '6203010810150001', '2024-07-25', 'JL. CILIK RIWUT GG. V CITRA PERMAI', 12, 4, 'SELAT HULU', 'SELAT', '17233604986826.png', '17233604982763.png', '17233604987705.png', '17233604986574.png', 0),
(5, 60, '6203022307180004', '2024-07-25', 'SEI RIMBUT', 5, 0, 'SEI ASAM', 'KAPUAS HILIR', '17233604986826.png', '17233604982763.png', '17233604987705.png', '17233604986574.png', 0),
(5, 61, '6203012801190003', '2024-07-25', 'JL. MAHAKAM GG.III', 19, 0, 'SELAT TENGAH', 'SELAT', '17233604986826.png', '17233604982763.png', '17233604987705.png', '17233604986574.png', 0),
(5, 62, '6271010711120005', '2024-07-25', 'JL. CILIK RIWUT GG. CITRA PERMAI', 12, 4, 'SELAT HULU', 'SELAT', '17233604986826.png', '17233604982763.png', '17233604987705.png', '17233604986574.png', 0),
(5, 63, '6203061512230002', '2024-07-25', 'SAKA LAGUN', 4, 1, 'SAKA LAGON', 'PULAU PETAK', '17233604986826.png', '17233604982763.png', '17233604987705.png', '17233604986574.png', 0),
(5, 64, '6203062802130001', '2024-07-25', 'SAKA LAGUN', 4, 0, 'SAKA LAGON', 'PULAU PETAK', '17233604986826.png', '17233604982763.png', '17233604987705.png', '17233604986574.png', 0),
(5, 65, '6203063107090001', '2024-07-25', 'SAKA LAGUN MUARA', 4, 0, 'SAKA LAGON', 'PULAU PETAK', '17233604986826.png', '17233604982763.png', '17233604987705.png', '17233604986574.png', 0),
(5, 66, '6203063005230002', '2024-07-25', 'HANDEL LUNUK', 5, 1, 'SAKA LAGON', 'PULAU PETAK', '17233604986826.png', '17233604982763.png', '17233604987705.png', '17233604986574.png', 0),
(5, 67, '6203062711190001', '2024-07-25', 'SAKA LAGON', 3, 0, 'SAKA LAGON', 'PULAU PETAK', '17233604986826.png', '17233604982763.png', '17233604987705.png', '17233604986574.png', 0),
(5, 68, '6302220311200002', '2024-07-25', 'SAKA LAGON', 3, 0, 'SAKA LAGON', 'PULAU PETAK', '17233604986826.png', '17233604982763.png', '17233604987705.png', '17233604986574.png', 0),
(5, 69, '6203062911100014', '2024-07-25', 'SAKA LAGUN', 4, 0, 'SAKA LAGON', 'PULAU PETAK', '17233604986826.png', '17233604982763.png', '17233604987705.png', '17233604986574.png', 0),
(5, 70, '6203063011100002', '2024-07-25', 'SAKA LAGUN', 5, 0, 'SAKA LAGON', 'PULAU PETAK', '17233604986826.png', '17233604982763.png', '17233604987705.png', '17233604986574.png', 0),
(5, 71, '6203070702220004', '2024-07-25', 'SAKA LAGUN NO. 151', 4, 0, 'SAKA LAGON', 'PULAU PETAK', '17233604986826.png', '17233604982763.png', '17233604987705.png', '17233604986574.png', 0),
(5, 72, '6203010107200005', '2024-07-25', 'JL. KASTURI GG.II', 3, 0, 'PULAU TELO', 'SELAT', '17233604986826.png', '17233604982763.png', '17233604987705.png', '17233604986574.png', 0),
(5, 73, '6203013008080124', '2024-07-25', 'JL. ANGGREK GG. I.A', 9, 1, 'SELAT TENGAH', 'SELAT', '17233604986826.png', '17233604982763.png', '17233604987705.png', '17233604986574.png', 0),
(5, 74, '6203010612170004', '2024-07-25', 'JL. ANGGREK NO.05', 9, 1, 'SELAT TENGAH', 'SELAT', '17233604986826.png', '17233604982763.png', '17233604987705.png', '17233604986574.png', 0),
(5, 75, '6203010706240003', '2024-07-25', 'JL. DURIAN NO.022', 4, 0, 'PULAU TELO', 'SELAT', '17233604986826.png', '17233604982763.png', '17233604987705.png', '17233604986574.png', 0),
(5, 76, '6203062202240001', '2024-07-25', 'RAMBAI TIGA', 6, 0, 'TELUK PALINGET', 'PULAU PETAK', '17233604986826.png', '17233604982763.png', '17233604987705.png', '17233604986574.png', 0),
(5, 77, '6203012007070001', '2024-07-25', 'JL. DURIAN NO. 15.B', 4, 0, 'PULAU TELO', 'SELAT', '17233604986826.png', '17233604982763.png', '17233604987705.png', '17233604986574.png', 0),
(5, 78, '6203050701090005', '2024-07-25', 'ANJIR KALAMPAN', 9, 0, 'ANJIR KALAMPAN', 'KAPUAS BARAT', '17233604986826.png', '17233604982763.png', '17233604987705.png', '17233604986574.png', 0),
(5, 79, '6203033103090137', '2024-07-25', 'ANJIR MAMBULAU BARAT KM. 2,5', 4, 0, 'ANJIR MAMBULAU BARAT', 'KAPUAS TIMUR', '17233604986826.png', '17233604982763.png', '17233604987705.png', '17233604986574.png', 0),
(5, 80, '6203010807240004', '2024-07-25', 'JL. DURIAN', 4, 0, 'PULAU TELO', 'SELAT', '17233604986826.png', '17233604982763.png', '17233604987705.png', '17233604986574.png', 0),
(5, 81, '6203012709080033', '2024-07-25', 'JL. DURIAN NO. 28', 4, 0, 'PULAU TELO', 'SELAT', '17233604986826.png', '17233604982763.png', '17233604987705.png', '17233604986574.png', 0),
(5, 82, '6203010703180005', '2024-07-25', 'JL. DURIAN', 4, 0, 'PULAU TELO BARU', 'SELAT', '17233604986826.png', '17233604982763.png', '17233604987705.png', '17233604986574.png', 0),
(5, 83, '6203012309160005', '2024-07-25', 'JL. DURIAN NO. 26', 4, 0, 'PULAUTELO', 'SELAT', '17233604986826.png', '17233604982763.png', '17233604987705.png', '17233604986574.png', 0),
(5, 84, '6203012709080238', '2024-07-25', 'JL. DURIAN NO. 11', 4, 0, 'PULAUTELO', 'SELAT', '17233604986826.png', '17233604982763.png', '17233604987705.png', '17233604986574.png', 0),
(5, 85, '6203012902160002', '2024-07-25', 'JL. DURIAN NO. 11', 4, 0, 'PULAUTELO', 'SELAT', '17233604986826.png', '17233604982763.png', '17233604987705.png', '17233604986574.png', 0),
(5, 86, '6203012709080129', '2024-07-25', 'JL. DURIAN NO. 010', 4, 0, 'PULAU TELO', 'SELAT', '17233604986826.png', '17233604982763.png', '17233604987705.png', '17233604986574.png', 0),
(5, 87, '6203052301090009', '2024-07-25', 'JL. LUNUK RAMBA', 3, 0, 'SAKA TAMIANG', 'KAPUAS BARAT', '17233604986826.png', '17233604982763.png', '17233604987705.png', '17233604986574.png', 0),
(5, 88, '6203013012090016', '2024-08-11', 'JL. K.S. TUBUN NO.99', 3, 0, 'SELAT HILIR', 'SELAT', '17233709295171.png', '17233709292600.png', '17233709295783.png', '17233709291975.png', 0),
(17, 90, '6203011302150003', '2024-08-10', 'JL. KAPUAS', 15, 0, 'SELAT HULU', 'SELAT', '17233709295171.png', '17233709292600.png', '17233709295783.png', '17233709291975.png', 0),
(17, 91, '6203012309080148', '2024-08-10', 'JL. CILIK RIWUT GG. II', 12, 4, 'SELAT HULU', 'SELAT', '17233709295171.png', '17233709292600.png', '17233709295783.png', '17233709291975.png', 0),
(17, 92, '6203082109120001', '2024-08-10', 'BASARANG', 1, 0, 'BASARANG', 'BASARANG', '17233709295171.png', '17233709292600.png', '17233709295783.png', '17233709291975.png', 0),
(17, 93, '6203012912200002', '2024-08-10', 'JL. KAPUAS GG.KAPUAS BARU', 26, 7, 'SELAT HULU', 'SELAT', '17233709295171.png', '17233709292600.png', '17233709295783.png', '17233709291975.png', 0),
(17, 94, '6203022010080380', '2024-08-10', 'JL. KAPUAS', 15, 0, 'SELAT HULU', 'SELAT', '17233709295171.png', '17233709292600.png', '17233709295783.png', '17233709291975.png', 0),
(17, 95, '6203013008080059', '2024-08-10', 'JL. MAHAKAM', 18, 2, 'SELAT TENGAH', 'SELAT', '17233709295171.png', '17233709292600.png', '17233709295783.png', '17233709291975.png', 0),
(17, 96, '6203010507180018', '2024-08-10', 'JL. JEPANG', 5, 0, 'PULAUTELO BARU', 'SELAT', '17233709295171.png', '17233709292600.png', '17233709295783.png', '17233709291975.png', 0),
(17, 97, '6203010909190002', '2024-08-10', 'JL. BAKTI ABRI', 5, 0, 'MURUNG KERAMAT', 'SELAT', '17233709295171.png', '17233709292600.png', '17233709295783.png', '17233709291975.png', 0),
(17, 98, '6203080401180001', '2024-08-10', 'JL. UJUNG BALI HANDEL NANING', 3, 0, 'NANING', 'BASARANG', '17233709295171.png', '17233709292600.png', '17233709295783.png', '17233709291975.png', 0),
(17, 99, '6203011907072261', '2024-08-10', 'JL. MERANTI GG. IV NO.07', 2, 0, 'PULAUTELO', 'SELAT', '17233709295171.png', '17233709292600.png', '17233709295783.png', '17233709291975.png', 0),
(17, 100, '6203010809080022', '2024-08-10', 'JL. MAYJEND SUTOYO. S', 6, 0, 'SELAT HILIR', 'SELAT', '17233709295171.png', '17233709292600.png', '17233709295783.png', '17233709291975.png', 0),
(17, 101, '6203011704170009', '2024-08-10', 'JL. KAPUAS', 3, 1, 'SELAT HULU', 'SELAT', '17233709295171.png', '17233709292600.png', '17233709295783.png', '17233709291975.png', 0),
(17, 102, '6203012608080060', '2024-08-10', 'JL. MAYJEND. D.I. PANJAITAN NO. 24', 3, 0, 'SELAT HILIR', 'SELAT', '17233709295171.png', '17233709292600.png', '17233709295783.png', '17233709291975.png', 0),
(2, 103, '6203040108110004', '2024-08-11', '6203041002730005', 12, 3, 'WARNA SARI', 'TAMBAN CATUR', '17233787979049.png', '17233787979464.png', '17233787975705.png', '17233787976132.png', 0),
(2, 104, '6203011207160003', '2024-08-11', 'JL. KAPUAS', 1, 1, 'SELAT HULU', 'SELAT', '17233787979049.png', '17233787979464.png', '17233787975705.png', '17233787976132.png', 0),
(2, 105, '6203011401190010', '2024-08-11', 'JL. GARUDA GG. II NO. 124', 17, 0, 'SELAT HILIR', 'SELAT', '17233787979049.png', '17233787979464.png', '17233787975705.png', '17233787976132.png', 0),
(2, 106, '6203082511100002', '2024-08-11', 'HANDEL BAPALAS', 4, 0, 'BASARANG', 'BASARANG', '17233787979049.png', '17233787979464.png', '17233787975705.png', '17233787976132.png', 0),
(2, 107, '6203012908080147', '2024-08-11', 'JL. MELATI NO. 05', 10, 1, 'SELAT TENGAH', 'SELAT', '17233787979049.png', '17233787979464.png', '17233787975705.png', '17233787976132.png', 0),
(2, 108, '3329120606230002', '2024-08-11', 'JL. SETH ADJIE', 9, 0, 'SELAT HILIR', 'SELAT', '17233787979049.png', '17233787979464.png', '17233787975705.png', '17233787976132.png', 0),
(2, 109, '6203010112090003', '2024-08-11', 'HANDEL SAKA LINDUNG', 14, 0, 'MURUNG KERAMAT', 'SELAT', '17233787979049.png', '17233787979464.png', '17233787975705.png', '17233787976132.png', 0),
(2, 110, '6203011010080105', '2024-08-11', 'HANDEL SAKA LINDUNG', 14, 0, 'MURUNG KERAMAT', 'SELAT', '17233787979049.png', '17233787979464.png', '17233787975705.png', '17233787976132.png', 0),
(2, 111, '6203012304190003', '2024-08-11', 'HANDEL SAKA LINDUNG', 14, 0, 'MURUNG KERAMAT', 'SELAT', '17233787979049.png', '17233787979464.png', '17233787975705.png', '17233787976132.png', 0),
(2, 112, '6203010710080362', '2024-08-11', 'HANDEL TELAGA DALAM', 16, 0, 'MURUNG KERAMAT', 'SELAT', '17233787979049.png', '17233787979464.png', '17233787975705.png', '17233787976132.png', 0),
(2, 113, '6203011206130010', '2024-08-11', 'HANDEL SAKA LINDUNG', 14, 0, 'MURUNG KERAMAT', 'SELAT', '17233787979049.png', '17233787979464.png', '17233787975705.png', '17233787976132.png', 0),
(2, 114, '6203011910110001', '2024-08-11', 'DESA SAKA LINDUNG', 14, 0, 'MURUNG KERAMAT', 'SELAT', '17233787979049.png', '17233787979464.png', '17233787975705.png', '17233787976132.png', 0),
(2, 115, '6203011010110006', '2024-08-11', 'SAKA LINDUNG', 14, 0, 'MURUNG KERAMAT', 'SELAT', '17233787979049.png', '17233787979464.png', '17233787975705.png', '17233787976132.png', 0),
(2, 116, '6303032401140004', '2024-08-11', 'HANDEL SAKA LINDUNG', 14, 0, 'MURUNG KERAMAT', 'SELAT', '17233787979049.png', '17233787979464.png', '17233787975705.png', '17233787976132.png', 0),
(2, 117, '6203012103190004', '2024-08-11', 'JL. BHAKTI ABRI', 7, 2, 'MURUNG KERAMAT', 'SELAT', '17233787979049.png', '17233787979464.png', '17233787975705.png', '17233787976132.png', 0),
(2, 118, '6203012305130004', '2024-08-11', 'JL. BAKTI ABRI', 5, 0, 'MURUNG KERAMAT', 'SELAT', '17233787979049.png', '17233787979464.png', '17233787975705.png', '17233787976132.png', 0),
(2, 119, '6203012004160003', '2024-08-11', 'JL. BAKTI ABRI', 5, 0, 'MURUNG KERAMAT', 'SELAT', '17233787979049.png', '17233787979464.png', '17233787975705.png', '17233787976132.png', 0),
(2, 120, '6203091510160065', '2024-08-11', 'SEI GITA', 3, 0, 'SEI GITA', 'MANTANGAI', '17233787979049.png', '17233787979464.png', '17233787975705.png', '17233787976132.png', 0),
(2, 121, '6203042803090005', '2024-08-11', 'JL. INPRES', 7, 0, 'WARGO MULYO', 'KAPUAS KUALA', '17233787979049.png', '17233787979464.png', '17233787975705.png', '17233787976132.png', 0),
(2, 122, '6203090806210004', '2024-08-11', 'SEI GITA', 1, 0, 'SEI GITA', 'MANTANGAI', '17233787979049.png', '17233787979464.png', '17233787975705.png', '17233787976132.png', 0),
(2, 123, '6203091510160040', '2024-08-11', 'SEI GITA', 2, 0, 'SEI GITA', 'MANTANGAI', '17233787979049.png', '17233787979464.png', '17233787975705.png', '17233787976132.png', 0),
(2, 124, '6203081111080130', '2024-08-11', 'PANARUNG', 4, 0, 'PANARUNG', 'BASARANG', '17233787979049.png', '17233787979464.png', '17233787975705.png', '17233787976132.png', 0),
(2, 125, '6203030712200003', '2024-08-11', 'DESA ANJIR MAMBULAU BARAT', 6, 0, 'ANJIR MAMBULAU BARAT', 'KAPUAS TIMUR', '17233787979049.png', '17233787979464.png', '17233787975705.png', '17233787976132.png', 0),
(2, 126, '6203051603090042', '2024-08-11', 'JL. RIA GILANG', 6, 2, 'MANDOMAI', 'KAPUAS BARAT', '17233787979049.png', '17233787979464.png', '17233787975705.png', '17233787976132.png', 0),
(2, 127, '6203032906150002', '2024-08-11', 'ANJIR SERAPAT TIMUR KM. 13,5', 5, 0, 'ANJIR SERAPAT TIMUR', 'KAPUAS TIMUR', '17233787979049.png', '17233787979464.png', '17233787975705.png', '17233787976132.png', 0),
(2, 128, '6203011304160001', '2024-08-11', 'TAMBUN RAYA', 4, 0, 'TAMBUN RAYA', 'BASARANG', '17233787979049.png', '17233787979464.png', '17233787975705.png', '17233787976132.png', 0),
(2, 129, '6203010108080061', '2024-08-11', 'JL. SARE PULAU', 1, 0, 'PULAU MAMBULAU', 'BATAGUH', '17233787979049.png', '17233787979464.png', '17233787975705.png', '17233787976132.png', 0),
(2, 130, '6203170707200006', '2024-08-11', 'JL. SARE PULAU NO. 036', 2, 0, 'PULAU MAMBULAU', 'BATAGUH', '17233787979049.png', '17233787979464.png', '17233787975705.png', '17233787976132.png', 0),
(2, 131, '6203082911190001', '2024-08-11', 'PANARUNG', 3, 0, 'PANARUNG', 'BASARANG', '17233787979049.png', '17233787979464.png', '17233787975705.png', '17233787976132.png', 0),
(2, 132, '6203081011080227', '2024-08-11', 'PANARUNG', 3, 0, 'PANARUNG', 'BASARANG', '17233787979049.png', '17233787979464.png', '17233787975705.png', '17233787976132.png', 0),
(2, 133, '6203010509080174', '2024-08-11', 'JL. SARE PULAU', 2, 0, 'PULAU MAMBULAU', 'BATAGUH', '17233787979049.png', '17233787979464.png', '17233787975705.png', '17233787976132.png', 0),
(2, 134, '6203172107170001', '2024-08-11', 'JL. SARE PULAU NO. 031', 2, 0, 'PULAU MAMBULAU', 'BATAGUH', '17233787979049.png', '17233787979464.png', '17233787975705.png', '17233787976132.png', 0),
(2, 135, '6203161603160002', '2024-08-11', 'SUMBER AGUNG', 6, 2, 'SUMBER AGUNG', 'DADAHUP', '17233787979049.png', '17233787979464.png', '17233787975705.png', '17233787976132.png', 0),
(2, 136, '6203011907078842', '2024-08-11', 'JL. SARE PULAU NO. 045', 1, 0, 'PULAU MAMBULAU', 'BATAGUH', '17233787979049.png', '17233787979464.png', '17233787975705.png', '17233787976132.png', 0),
(2, 137, '6203011907078821', '2024-08-11', 'JL. SARE PULAU', 1, 0, 'PULAU MAMBULAU', 'BATAGUH', '17233787979049.png', '17233787979464.png', '17233787975705.png', '17233787976132.png', 0),
(2, 138, '6203011110100004', '2024-08-11', 'SARE PULAU', 1, 0, 'PULAU MAMBULAU', 'BATAGUH', '17233787979049.png', '17233787979464.png', '17233787975705.png', '17233787976132.png', 0),
(2, 139, '6203172906150001', '2024-08-11', 'JL. SARE PULAU NO. 49', 1, 0, 'PULAU MAMBULAU', 'BATAGUH', '17233787979049.png', '17233787979464.png', '17233787975705.png', '17233787976132.png', 0),
(2, 140, '6203011907078850', '2024-08-11', 'JL. SARE PULAU NO. 45', 1, 0, 'PULAU MAMBULAU', 'BATAGUH', '17233787979049.png', '17233787979464.png', '17233787975705.png', '17233787976132.png', 0),
(2, 141, '6203172110160002', '2024-08-11', 'JL SARE PULAU', 1, 0, 'PULAU MAMBULAU', 'BATAGUH', '17233787979049.png', '17233787979464.png', '17233787975705.png', '17233787976132.png', 0),
(2, 142, '6203173101170006', '2024-08-11', 'SARE PULAU', 1, 0, 'PULAU MAMBULAU', 'BATAGUH', '17233787979049.png', '17233787979464.png', '17233787975705.png', '17233787976132.png', 0),
(2, 143, '6203011907078794', '2024-08-11', 'JL. SARE PULAU', 1, 0, 'PULAU MAMBULAU', 'BATAGUH', '17233787979049.png', '17233787979464.png', '17233787975705.png', '17233787976132.png', 0),
(2, 144, '6203172801150002', '2024-08-11', 'JL. SARE PULAU', 1, 0, 'PULAU MAMBULAU', 'BATAGUH', '17233787979049.png', '17233787979464.png', '17233787975705.png', '17233787976132.png', 0),
(2, 145, '6203011907078804', '2024-08-11', 'JL. SARE PULAU', 1, 0, 'PULAU MAMBULAU', 'BATAGUH', '17233787979049.png', '17233787979464.png', '17233787975705.png', '17233787976132.png', 0),
(2, 146, '6203010308120004', '2024-08-11', 'JL. A. YANI NO. 90', 8, 0, 'SELAT HILIR', 'SELAT', '17233787979049.png', '17233787979464.png', '17233787975705.png', '17233787976132.png', 0),
(2, 147, '6203010708080037', '2024-08-11', 'JL. KERATON NO. 053', 7, 0, 'PULAU MAMBULAU', 'BATAGUH', '17233787979049.png', '17233787979464.png', '17233787975705.png', '17233787976132.png', 0),
(2, 148, '6203130904120016', '2024-08-11', 'JL. KERATON', 7, 0, 'PULAU MAMBULAU', 'BATAGUH', '17233787979049.png', '17233787979464.png', '17233787975705.png', '17233787976132.png', 0),
(2, 149, '6203011907078903', '2024-08-11', 'JL. SARE PULAU NO. 57', 1, 0, 'PULAU MAMBULAU', 'BATAGUH', '17233787979049.png', '17233787979464.png', '17233787975705.png', '17233787976132.png', 0),
(2, 150, '6203010710080192', '2024-08-11', 'MURUNG KERAMAT', 4, 0, 'MURUNG KERAMAT', 'SELAT', '17233787979049.png', '17233787979464.png', '17233787975705.png', '17233787976132.png', 0),
(2, 151, '6203012606190007', '2024-08-11', 'JL. BARITO GG. X', 8, 2, 'SELAT HULU', 'SELAT', '17233787979049.png', '17233787979464.png', '17233787975705.png', '17233787976132.png', 0),
(2, 152, '6203011402180007', '2024-08-11', 'JL. KAPUAS NO. 22', 4, 1, 'SELAT HULU', 'SELAT', '17233787979049.png', '17233787979464.png', '17233787975705.png', '17233787976132.png', 0),
(2, 153, '6203050908110004', '2024-08-11', 'JL.RIA GILANG', 3, 1, 'MANDOMAI', 'KAPUAS BARAT', '17233787979049.png', '17233787979464.png', '17233787975705.png', '17233787976132.png', 0),
(2, 154, '6203052811130006', '2024-08-11', 'JL. RIA GILANG', 1, 1, 'MANDOMAI', 'KAPUAS BARAT', '17233787979049.png', '17233787979464.png', '17233787975705.png', '17233787976132.png', 0),
(2, 155, '6203051901110008', '2024-08-11', 'JL. RIA GILANG', 1, 0, 'MANDOMAI', 'KAPUAS BARAT', '17233787979049.png', '17233787979464.png', '17233787975705.png', '17233787976132.png', 0),
(2, 156, '6203011509080004', '2024-08-11', 'JL. KAPUAS GG. KAPUAS BARU', 26, 7, 'SELAT HULU', 'SELAT', '17233787979049.png', '17233787979464.png', '17233787975705.png', '17233787976132.png', 0),
(2, 157, '6203010704110001', '2024-08-11', 'JL. KAPUAS GG. KAPUAS BARU', 26, 7, 'SELAT HULU', 'SELAT', '17233787979049.png', '17233787979464.png', '17233787975705.png', '17233787976132.png', 0),
(2, 158, '6203011111190001', '2024-08-11', 'JL. KAPUAS GG. KAPUAS BARU I', 26, 3, 'SELAT HULU', 'SELAT', '17233787979049.png', '17233787979464.png', '17233787975705.png', '17233787976132.png', 0),
(2, 159, '6203010209080290', '2024-08-11', 'JL. SARE PULAU NO. 068', 9, 0, 'PULAU MAMBULAU', 'BATAGUH', '17233787979049.png', '17233787979464.png', '17233787975705.png', '17233787976132.png', 0),
(2, 160, '6203012409080497', '2024-08-11', 'JL. TRANS KALIMANTAN', 17, 6, 'SELAT HULU', 'SELAT', '17233787979049.png', '17233787979464.png', '17233787975705.png', '17233787976132.png', 0),
(2, 161, '6203011310080274', '2024-08-11', 'JL. BARITO', 37, 2, 'SELAT TENGAH', 'SELAT', '17233787979049.png', '17233787979464.png', '17233787975705.png', '17233787976132.png', 0),
(2, 162, '6203012409080208', '2024-08-11', 'JL. MAHAKAM GG. XII', 7, 2, 'SELAT HULU', 'SELAT', '17233787979049.png', '17233787979464.png', '17233787975705.png', '17233787976132.png', 0),
(2, 163, '6203091202190001', '2024-08-11', 'JL. PERWIRA UTAMA', 2, 1, 'MANUSUP HILIR', 'MANTANGAI', '17233787979049.png', '17233787979464.png', '17233787975705.png', '17233787976132.png', 0),
(2, 164, '6203011907079811', '2024-08-11', 'JL. DURIAN', 1, 0, 'PULAUTELO BARU', 'SELAT', '17233787979049.png', '17233787979464.png', '17233787975705.png', '17233787976132.png', 0),
(2, 165, '6203012305230008', '2024-08-11', 'JL. DURIAN', 1, 0, 'PULAUTELO BARU', 'SELAT', '17233787979049.png', '17233787979464.png', '17233787975705.png', '17233787976132.png', 0),
(2, 166, '6203012901090002', '2024-08-11', 'JL. TENDEAN', 4, 0, 'SELAT HILIR', 'SELAT', '17233787979049.png', '17233787979464.png', '17233787975705.png', '17233787976132.png', 0),
(2, 167, '6203010410120003', '2024-08-11', 'JL. AIPDA K.S. TUBUN GG.II', 2, 0, 'SELAT HILIR', 'SELAT', '17233787979049.png', '17233787979464.png', '17233787975705.png', '17233787976132.png', 0),
(2, 168, '6203012808080153', '2024-08-11', 'JL. SEROJA NO. 48', 17, 2, 'SELAT TENGAH', 'SELAT', '17233787979049.png', '17233787979464.png', '17233787975705.png', '17233787976132.png', 0),
(2, 169, '6203080507230002', '2024-08-11', 'BASARANG KM. 1,5', 2, 0, 'BASARANG', 'BASARANG', '17233787979049.png', '17233787979464.png', '17233787975705.png', '17233787976132.png', 0),
(2, 170, '6203011802110010', '2024-08-11', 'JL. SARE PULAU', 1, 0, 'PULAU MAMBULAU', 'BATAGUH', '17233787979049.png', '17233787979464.png', '17233787975705.png', '17233787976132.png', 0),
(2, 171, '6203012807080001', '2024-08-11', 'JL. SARE PULAU', 1, 0, 'PULAU MAMBULAU', 'BATAGUH', '17233787979049.png', '17233787979464.png', '17233787975705.png', '17233787976132.png', 0),
(2, 172, '6203011907078895', '2024-08-11', 'SARE PULAU', 1, 0, 'PULAU MAMBULAU', 'BATAGUH', '17233787979049.png', '17233787979464.png', '17233787975705.png', '17233787976132.png', 0),
(2, 173, '6203012802230008', '2024-08-11', 'JL. KAPUAS', 14, 4, 'SELAT HULU', 'SELAT', '17233787979049.png', '17233787979464.png', '17233787975705.png', '17233787976132.png', 0),
(2, 174, '6203011112120008', '2024-08-11', 'JL. MAHAKAM NO. 40', 7, 2, 'SELAT HULU', 'SELAT', '17233787979049.png', '17233787979464.png', '17233787975705.png', '17233787976132.png', 0),
(2, 175, '6203012002190009', '2024-08-11', 'JL. KAPUAS GG.KAPUAS BARU', 26, 7, 'SELAT HULU', 'SELAT', '17233787979049.png', '17233787979464.png', '17233787975705.png', '17233787976132.png', 0),
(2, 176, '6203010611130008', '2024-08-11', 'HANDEL PANAMAS', 1, 0, 'PANAMAS', 'SELAT', '17233787979049.png', '17233787979464.png', '17233787975705.png', '17233787976132.png', 0),
(2, 177, '6271030502210014', '2024-08-11', 'ANJIR SERAPAT BARAT KM. 10', 11, 0, 'ANJIR SERAPAT BARAT', 'KAPUAS TIMUR', '17233787979049.png', '17233787979464.png', '17233787975705.png', '17233787976132.png', 0),
(2, 178, '6203011510110004', '2024-08-11', 'JL. HANDEL PEMURUS', 7, 3, 'SELAT UTARA', 'SELAT', '17233787979049.png', '17233787979464.png', '17233787975705.png', '17233787976132.png', 0),
(2, 179, '6203062412080085', '2024-08-11', 'HANDEL TABALIEN', 6, 0, 'TELUK PALINGET', 'PULAU PETAK', '17233787979049.png', '17233787979464.png', '17233787975705.png', '17233787976132.png', 0),
(2, 180, '6203010802230004', '2024-08-11', 'JL. KAPTEN PIERRE TENDEAN', 6, 0, 'SELAT HILIR', 'SELAT', '17233787979049.png', '17233787979464.png', '17233787975705.png', '17233787976132.png', 0),
(2, 181, '6203091012080299', '2024-08-11', 'MANDOMAI', 6, 0, 'MANDOMAI', 'KAPUAS BARAT', '17233787979049.png', '17233787979464.png', '17233787975705.png', '17233787976132.png', 0),
(2, 182, '6203053001120007', '2024-08-11', 'JL. RIA GILANG', 6, 2, 'MANDOMAI', 'KAPUAS BARAT', '17233787979049.png', '17233787979464.png', '17233787975705.png', '17233787976132.png', 0),
(2, 183, '6203073012130002', '2024-08-11', 'PALINGAKU SEJAHTERA', 3, 0, 'PALINGKAU SEJAHTERA', 'KAPUAS MURUNG', '17233787979049.png', '17233787979464.png', '17233787975705.png', '17233787976132.png', 0),
(2, 184, '6203082304180003', '2024-08-11', 'HANDEL BAPALAS', 4, 0, 'BASARANG', 'BASARANG', '17233787979049.png', '17233787979464.png', '17233787975705.png', '17233787976132.png', 0),
(2, 185, '6203081301090014', '2024-08-11', 'ANJIR BASARANG KM. 3', 5, 0, 'BASARANG', 'BASARANG', '17233787979049.png', '17233787979464.png', '17233787975705.png', '17233787976132.png', 0),
(2, 186, '6203010809080359', '2024-08-11', 'JL. AIPDA K.S. TUBUN GG.II NO. 85', 2, 0, 'SELAT HILIR', 'SELAT', '17233787979049.png', '17233787979464.png', '17233787975705.png', '17233787976132.png', 0),
(2, 187, '6203091112080108', '2024-08-11', 'TUMBANG MUROI DUSUN. TANJUNG KALANIS', 6, 0, 'TUMBANG MUROI', 'MANTANGAI', '17233787979049.png', '17233787979464.png', '17233787975705.png', '17233787976132.png', 0),
(2, 188, '6203011809080430', '2024-08-11', 'JL. KAPUAS', 3, 1, 'SELAT HULU', 'SELAT', '17233787979049.png', '17233787979464.png', '17233787975705.png', '17233787976132.png', 0),
(2, 189, '6203012503130010', '2024-08-11', 'JL. MAHAKAM GG. SUKA DAMAI', 19, 3, 'SELAT HULU', 'SELAT', '17233787979049.png', '17233787979464.png', '17233787975705.png', '17233787976132.png', 0),
(2, 190, '6203011809080317', '2024-08-11', 'JL. KAPUAS', 3, 1, 'SELAT HULU', 'SELAT', '17233787979049.png', '17233787979464.png', '17233787975705.png', '17233787976132.png', 0),
(2, 191, '6203012006240002', '2024-08-11', 'JL. KAPUAS', 5, 2, 'SELAT HULU', 'SELAT', '17233787979049.png', '17233787979464.png', '17233787975705.png', '17233787976132.png', 0),
(2, 192, '6203010507180018', '2024-08-11', 'JL. JEPANG', 5, 0, 'PULAU TELO BARU', 'SELAT', '17233787979049.png', '17233787979464.png', '17233787975705.png', '17233787976132.png', 0),
(2, 193, '6203021410080363', '2024-08-11', 'SEI RIMBUT', 5, 0, 'SEI ASAM', 'KAPUAS HILIR', '17233787979049.png', '17233787979464.png', '17233787975705.png', '17233787976132.png', 0),
(2, 194, '6203012810190007', '2024-08-11', 'JL. MAHAKAM GG. SELARAS NO. 26', 4, 1, 'SELAT HULU', 'SELAT', '17233787979049.png', '17233787979464.png', '17233787975705.png', '17233787976132.png', 0),
(2, 195, '6203012812180004', '2024-08-11', 'JL. KAPUAS GG. SELARAS NO. 35', 4, 1, 'SELAT HULU', 'SELAT', '17233787979049.png', '17233787979464.png', '17233787975705.png', '17233787976132.png', 0),
(2, 196, '6203011109080073', '2024-08-11', 'JL. KAPUAS', 5, 2, 'SELAT HULU', 'SELAT', '17233787979049.png', '17233787979464.png', '17233787975705.png', '17233787976132.png', 0),
(2, 197, '6203011304180002', '2024-08-11', 'JL. KAPUAS', 3, 0, 'SELAT HULU', 'SELAT', '17233787979049.png', '17233787979464.png', '17233787975705.png', '17233787976132.png', 0),
(2, 198, '6203011306240005', '2024-08-11', 'JL. CILIK RIWUT GG.BPP GG. II', 5, 0, 'SELAT DALAM', 'SELAT', '17233787979049.png', '17233787979464.png', '17233787975705.png', '17233787976132.png', 0),
(2, 199, '6203072810080638', '2024-08-11', 'PALINGKAU ASRI', 5, 0, 'PALINGKAU ASRI', 'KAPUAS MURUNG', '17233787979049.png', '17233787979464.png', '17233787975705.png', '17233787976132.png', 0),
(2, 200, '6203011206240004', '2024-08-11', 'JL. MAHAKAM GG. 7', 20, 3, 'SELAT TENGAH', 'SELAT', '17233787979049.png', '17233787979464.png', '17233787975705.png', '17233787976132.png', 0),
(2, 201, '6203010405160008', '2024-08-11', 'JL. MAHAKAM', 7, 2, 'SELAT HULU', 'SELAT', '17233787979049.png', '17233787979464.png', '17233787975705.png', '17233787976132.png', 0),
(2, 202, '6203011611110005', '2024-08-11', 'JL. BARITO GG. III NO. 45', 24, 3, 'SELAT TENGAH', 'SELAT', '17233787979049.png', '17233787979464.png', '17233787975705.png', '17233787976132.png', 0),
(2, 203, '6203011101100010', '2024-08-11', 'JL. KAPUAS NO. 46', 1, 1, 'SELAT TENGAH', 'SELAT', '17233787979049.png', '17233787979464.png', '17233787975705.png', '17233787976132.png', 0),
(2, 204, '6203012508090001', '2024-08-11', 'JL. KAPUAS NO. 11', 2, 1, 'SELAT TENGAH', 'SELAT', '17233787979049.png', '17233787979464.png', '17233787975705.png', '17233787976132.png', 0),
(2, 205, '6203010309080110', '2024-08-11', 'JL. MELATI NO. 29', 29, 3, 'SELAT TENGAH', 'SELAT', '17233787979049.png', '17233787979464.png', '17233787975705.png', '17233787976132.png', 0);

-- --------------------------------------------------------

--
-- Struktur dari tabel `user`
--

CREATE TABLE `user` (
  `id_user` int(10) NOT NULL,
  `password` varchar(100) NOT NULL,
  `email` varchar(100) NOT NULL,
  `role` varchar(50) NOT NULL
) ENGINE=InnoDB DEFAULT CHARSET=utf8mb4 COLLATE=utf8mb4_general_ci;

--
-- Dumping data untuk tabel `user`
--

INSERT INTO `user` (`id_user`, `password`, `email`, `role`) VALUES
(1, '$2y$10$y6cC.cZRCsswk.HF/Vg1pecXALhBFaTi.b/gs05oK2AwlzJdknX5C', 'muhammadsyarif672582@gmail.com', 'admin'),
(2, '$2y$10$NUl/oGAXpIgZ94uUGOAFu.k9ExZs9soU//Fgwv/ywBoGIjEVumTW2', 'pdipmkapuas2507@gmail.com', 'pemohon'),
(3, '$2y$10$UTOsqjpEqGdLeyY8vGuXu.4.3/WmOVimEJZu9IYiwDob3rNjc5TiW', 'muhammadsyarif5822@gmail.com', 'pemohon'),
(4, '$2y$10$Ngmj99fXcKqoqneHpMh7Oul9gT26R5pqi2YHLJCkHVUEUjyqFBvAy', 'musa@gmail.com', 'admin'),
(5, '$2y$10$mMWjIPQYGCzR3XBdLin50.zEjSc1obR/ZO7juLtjcHMZE.VDEz0R6', 'sulis@gmail.com', 'pemohon'),
(7, '$2y$10$DDhzFTaVA69hgNenjYrwsOjpbfzpyRBJ0/kNq/Mk33FqNGe9AAfP2', 'anisa@gmail.com', 'pemohon'),
(19, '$2y$10$vLgyfpFdKMt6deVkI8vgI.scTEbhFgHJ5sOHXdRLq2NG09UIDPFnC', 'aidawahyuni@gmail.com', 'pemohon');

-- --------------------------------------------------------

--
-- Struktur dari tabel `verifikasi`
--

CREATE TABLE `verifikasi` (
  `id_verifikasi` int(11) NOT NULL,
  `id_admin` int(11) NOT NULL,
  `id_pengajuan` int(11) NOT NULL,
  `statuss` varchar(25) NOT NULL,
  `pesan` varchar(100) NOT NULL
) ENGINE=InnoDB DEFAULT CHARSET=utf8mb4 COLLATE=utf8mb4_general_ci;

--
-- Dumping data untuk tabel `verifikasi`
--

INSERT INTO `verifikasi` (`id_verifikasi`, `id_admin`, `id_pengajuan`, `statuss`, `pesan`) VALUES
(37, 1, 51, '1', ''),
(40, 1, 55, '1', ''),
(41, 1, 56, '1', ''),
(42, 1, 1, '1', ' '),
(43, 1, 2, '1', ' '),
(44, 1, 3, '1', ' '),
(45, 1, 4, '1', ' '),
(46, 1, 5, '1', ' '),
(47, 1, 6, '1', ' '),
(48, 1, 7, '1', ' '),
(49, 1, 8, '1', ' '),
(50, 1, 9, '1', ' '),
(51, 1, 10, '1', ' '),
(52, 1, 11, '1', ' '),
(53, 1, 12, '1', ' '),
(54, 1, 13, '1', ' '),
(55, 1, 14, '1', ' '),
(56, 1, 15, '1', ' '),
(57, 1, 16, '1', ' '),
(58, 1, 17, '1', ' '),
(59, 1, 18, '1', ' '),
(60, 1, 19, '1', ' '),
(61, 1, 20, '1', ' '),
(62, 1, 21, '1', ' '),
(63, 1, 22, '1', ' '),
(64, 1, 23, '1', ' '),
(65, 1, 24, '1', ' '),
(66, 1, 25, '1', ' '),
(67, 1, 26, '1', ' '),
(68, 1, 27, '1', ' '),
(69, 1, 28, '1', ' '),
(70, 1, 29, '1', ' '),
(71, 1, 30, '1', ' '),
(72, 1, 31, '1', ' '),
(73, 1, 32, '1', ' '),
(74, 1, 33, '1', ' '),
(75, 1, 34, '1', ' '),
(76, 1, 35, '1', ' '),
(77, 1, 36, '1', ' '),
(78, 1, 37, '1', ' '),
(79, 1, 38, '1', ' '),
(80, 1, 39, '1', ' '),
(81, 1, 40, '1', ' '),
(82, 1, 41, '1', ' '),
(83, 1, 42, '1', ' '),
(84, 1, 43, '1', ' '),
(85, 1, 44, '1', ' '),
(86, 1, 45, '1', ' '),
(87, 1, 46, '1', ' '),
(88, 1, 47, '1', ' '),
(89, 1, 48, '1', ' '),
(90, 1, 49, '1', ' '),
(91, 1, 50, '1', ' '),
(92, 1, 58, '1', ' '),
(93, 1, 59, '1', ' '),
(94, 1, 60, '1', ' '),
(95, 1, 61, '1', ' '),
(96, 1, 62, '1', ' '),
(97, 1, 63, '1', ' '),
(98, 1, 64, '1', ' '),
(99, 1, 65, '1', ' '),
(100, 1, 66, '1', ' '),
(101, 1, 67, '1', ' '),
(102, 1, 68, '1', ' '),
(103, 1, 69, '1', ' '),
(104, 1, 70, '1', ' '),
(105, 1, 71, '1', ' '),
(106, 1, 72, '1', ' '),
(107, 1, 73, '1', ' '),
(108, 1, 74, '1', ' '),
(109, 1, 75, '1', ' '),
(110, 1, 76, '1', ' '),
(111, 1, 77, '1', ' '),
(112, 1, 78, '1', ' '),
(113, 1, 79, '1', ' '),
(114, 1, 80, '1', ' '),
(115, 1, 81, '1', ' '),
(116, 1, 82, '1', ' '),
(117, 1, 83, '1', ' '),
(118, 1, 84, '1', ' '),
(119, 1, 85, '1', ' '),
(120, 1, 86, '1', ' '),
(121, 1, 87, '0', ' '),
(122, 1, 90, '1', ' '),
(123, 1, 91, '1', ' '),
(124, 1, 92, '1', ' '),
(125, 1, 93, '1', ' '),
(126, 1, 94, '1', ' '),
(127, 1, 95, '1', ' '),
(128, 1, 96, '1', ' '),
(129, 1, 97, '1', ' '),
(130, 1, 98, '1', ' '),
(131, 1, 99, '1', ' '),
(132, 1, 100, '1', ' '),
(133, 1, 101, '1', ' '),
(134, 1, 102, '1', ' '),
(135, 1, 103, '1', ' '),
(136, 1, 104, '1', ' '),
(137, 1, 105, '1', ' '),
(138, 1, 106, '1', ' '),
(139, 1, 107, '1', ' '),
(140, 1, 108, '1', ' '),
(141, 1, 109, '1', ' '),
(142, 1, 110, '1', ' '),
(143, 1, 111, '1', ' '),
(144, 1, 112, '1', ' '),
(145, 1, 113, '1', ' '),
(146, 1, 114, '1', ' '),
(147, 1, 115, '1', ' '),
(148, 1, 116, '1', ' '),
(149, 1, 117, '1', ' '),
(150, 1, 118, '1', ' '),
(151, 1, 119, '1', ' '),
(152, 1, 120, '1', ' '),
(153, 1, 121, '1', ' '),
(154, 1, 122, '1', ' '),
(155, 1, 123, '1', ' '),
(156, 1, 124, '1', ' '),
(157, 1, 125, '1', ' '),
(158, 1, 126, '1', ' '),
(159, 1, 127, '1', ' '),
(160, 1, 128, '1', ' '),
(161, 1, 129, '1', ' '),
(162, 1, 130, '1', ' '),
(163, 1, 131, '1', ' '),
(164, 1, 132, '1', ' '),
(165, 1, 133, '1', ' '),
(166, 1, 134, '1', ' '),
(167, 1, 135, '1', ' '),
(168, 1, 136, '1', ' '),
(169, 1, 137, '1', ' '),
(170, 1, 138, '1', ' '),
(171, 1, 139, '1', ' '),
(172, 1, 140, '1', ' '),
(173, 1, 141, '1', ' '),
(174, 1, 142, '1', ' '),
(175, 1, 143, '1', ' '),
(176, 1, 144, '1', ' '),
(177, 1, 145, '1', ' '),
(178, 1, 146, '1', ' '),
(179, 1, 147, '1', ' '),
(180, 1, 148, '1', ' '),
(181, 1, 149, '1', ' '),
(182, 1, 150, '1', ' '),
(183, 1, 151, '1', ' '),
(184, 1, 152, '1', ' '),
(185, 1, 153, '1', ' '),
(186, 1, 154, '1', ' '),
(187, 1, 155, '1', ' '),
(188, 1, 156, '1', ' '),
(189, 1, 157, '1', ' '),
(190, 1, 158, '1', ' '),
(191, 1, 159, '1', ' '),
(192, 1, 160, '1', ' '),
(193, 1, 161, '1', ' '),
(194, 1, 162, '1', ' '),
(195, 1, 163, '1', ' '),
(196, 1, 164, '1', ' '),
(197, 1, 165, '1', ' '),
(198, 1, 166, '1', ' '),
(199, 1, 167, '1', ' '),
(200, 1, 168, '1', ' '),
(201, 1, 169, '1', ' '),
(202, 1, 170, '1', ' '),
(203, 1, 171, '1', ' '),
(204, 1, 172, '1', ' '),
(205, 1, 173, '1', ' '),
(206, 1, 174, '1', ' '),
(207, 1, 175, '1', ' '),
(208, 1, 176, '1', ' '),
(209, 1, 177, '1', ' '),
(210, 1, 178, '1', ' '),
(211, 1, 179, '1', ' '),
(212, 1, 180, '1', ' '),
(213, 1, 181, '1', ' '),
(214, 1, 182, '1', ' '),
(215, 1, 183, '1', ' '),
(216, 1, 184, '1', ' '),
(217, 1, 185, '1', ' '),
(218, 1, 186, '1', ' '),
(219, 1, 187, '1', ' '),
(220, 1, 188, '1', ' '),
(221, 1, 189, '1', ' '),
(222, 1, 190, '1', ' '),
(223, 1, 191, '1', ' '),
(224, 1, 192, '1', ' '),
(225, 1, 193, '1', ' '),
(226, 1, 194, '1', ' '),
(227, 1, 195, '1', ' '),
(228, 1, 196, '1', ' '),
(229, 1, 197, '1', ' '),
(230, 1, 198, '1', ' '),
(231, 1, 199, '1', ' '),
(232, 1, 200, '1', ' '),
(233, 1, 201, '1', ' '),
(234, 1, 202, '1', ' '),
(235, 1, 203, '1', ' '),
(236, 1, 204, '1', ' '),
(237, 1, 205, '1', ' '),
(238, 1, 88, '1', ''),
(239, 1, 57, '1', '');

--
-- Indexes for dumped tables
--

--
-- Indeks untuk tabel `admin`
--
ALTER TABLE `admin`
  ADD PRIMARY KEY (`id_admin`),
  ADD KEY `id_user` (`id_user`);

--
-- Indeks untuk tabel `chat`
--
ALTER TABLE `chat`
  ADD PRIMARY KEY (`id_chat`);

--
-- Indeks untuk tabel `detail_pengajuan`
--
ALTER TABLE `detail_pengajuan`
  ADD PRIMARY KEY (`detail_pengajuan`),
  ADD KEY `id_pengajuan` (`id_pengajuan`);

--
-- Indeks untuk tabel `pemohon`
--
ALTER TABLE `pemohon`
  ADD PRIMARY KEY (`id_pemohon`),
  ADD KEY `id_user` (`id_user`) USING BTREE;

--
-- Indeks untuk tabel `pengajuan`
--
ALTER TABLE `pengajuan`
  ADD PRIMARY KEY (`id_pengajuan`),
  ADD KEY `id_verifikasi` (`id_verifikasi`),
  ADD KEY `id_pemohon` (`id_pemohon`);

--
-- Indeks untuk tabel `user`
--
ALTER TABLE `user`
  ADD PRIMARY KEY (`id_user`);

--
-- Indeks untuk tabel `verifikasi`
--
ALTER TABLE `verifikasi`
  ADD PRIMARY KEY (`id_verifikasi`),
  ADD KEY `id_admin` (`id_admin`),
  ADD KEY `id_pengajuan` (`id_pengajuan`);

--
-- AUTO_INCREMENT untuk tabel yang dibuang
--

--
-- AUTO_INCREMENT untuk tabel `admin`
--
ALTER TABLE `admin`
  MODIFY `id_admin` int(10) NOT NULL AUTO_INCREMENT, AUTO_INCREMENT=3;

--
-- AUTO_INCREMENT untuk tabel `chat`
--
ALTER TABLE `chat`
  MODIFY `id_chat` int(11) NOT NULL AUTO_INCREMENT, AUTO_INCREMENT=8;

--
-- AUTO_INCREMENT untuk tabel `detail_pengajuan`
--
ALTER TABLE `detail_pengajuan`
  MODIFY `detail_pengajuan` int(11) NOT NULL AUTO_INCREMENT, AUTO_INCREMENT=586;

--
-- AUTO_INCREMENT untuk tabel `pemohon`
--
ALTER TABLE `pemohon`
  MODIFY `id_pemohon` int(10) NOT NULL AUTO_INCREMENT, AUTO_INCREMENT=18;

--
-- AUTO_INCREMENT untuk tabel `pengajuan`
--
ALTER TABLE `pengajuan`
  MODIFY `id_pengajuan` int(11) NOT NULL AUTO_INCREMENT, AUTO_INCREMENT=206;

--
-- AUTO_INCREMENT untuk tabel `user`
--
ALTER TABLE `user`
  MODIFY `id_user` int(10) NOT NULL AUTO_INCREMENT, AUTO_INCREMENT=20;

--
-- AUTO_INCREMENT untuk tabel `verifikasi`
--
ALTER TABLE `verifikasi`
  MODIFY `id_verifikasi` int(11) NOT NULL AUTO_INCREMENT, AUTO_INCREMENT=240;

--
-- Ketidakleluasaan untuk tabel pelimpahan (Dumped Tables)
--

--
-- Ketidakleluasaan untuk tabel `admin`
--
ALTER TABLE `admin`
  ADD CONSTRAINT `admin_ibfk_1` FOREIGN KEY (`id_user`) REFERENCES `user` (`id_user`) ON DELETE NO ACTION ON UPDATE NO ACTION;

--
-- Ketidakleluasaan untuk tabel `detail_pengajuan`
--
ALTER TABLE `detail_pengajuan`
  ADD CONSTRAINT `detail_pengajuan_ibfk_1` FOREIGN KEY (`id_pengajuan`) REFERENCES `pengajuan` (`id_pengajuan`) ON DELETE CASCADE ON UPDATE NO ACTION;

--
-- Ketidakleluasaan untuk tabel `pemohon`
--
ALTER TABLE `pemohon`
  ADD CONSTRAINT `pemohon_ibfk_1` FOREIGN KEY (`id_user`) REFERENCES `user` (`id_user`) ON DELETE CASCADE ON UPDATE NO ACTION;

--
-- Ketidakleluasaan untuk tabel `pengajuan`
--
ALTER TABLE `pengajuan`
  ADD CONSTRAINT `pengajuan_ibfk_1` FOREIGN KEY (`id_pemohon`) REFERENCES `pemohon` (`id_pemohon`) ON DELETE CASCADE;

--
-- Ketidakleluasaan untuk tabel `verifikasi`
--
ALTER TABLE `verifikasi`
  ADD CONSTRAINT `verifikasi_ibfk_1` FOREIGN KEY (`id_admin`) REFERENCES `admin` (`id_admin`) ON DELETE CASCADE ON UPDATE CASCADE;
COMMIT;

/*!40101 SET CHARACTER_SET_CLIENT=@OLD_CHARACTER_SET_CLIENT */;
/*!40101 SET CHARACTER_SET_RESULTS=@OLD_CHARACTER_SET_RESULTS */;
/*!40101 SET COLLATION_CONNECTION=@OLD_COLLATION_CONNECTION */;
